split,date,feature_set,model,seed,auc,brier
1,2025-11-26,base_only,elastic_logistic_c1_l25,0,0.6256228571428573,0.24498302276513811
1,2025-11-28,base_only,elastic_logistic_c1_l25,0,0.5859944849670877,0.24781758906916654
1,2025-12-01,base_only,elastic_logistic_c1_l25,0,0.5540736607142857,0.2479731343010463
1,2025-12-02,base_only,elastic_logistic_c1_l25,0,0.5470243327139821,0.24848181444055342
1,2025-12-03,base_only,elastic_logistic_c1_l25,0,0.49776783216783216,0.24921252781662637
1,2025-12-04,base_only,elastic_logistic_c1_l25,0,0.4946943972835314,0.24701972961069957
1,2025-12-05,base_only,elastic_logistic_c1_l25,0,0.49509270592501925,0.24831931951688374
1,2025-12-08,base_only,elastic_logistic_c1_l25,0,0.4635872601974297,0.24776709829088067
1,2025-12-09,base_only,elastic_logistic_c1_l25,0,0.47668740915697677,0.2486654942727269
1,2025-12-10,base_only,elastic_logistic_c1_l25,0,0.5135620398391978,0.2521778288917574
1,2025-12-11,base_only,elastic_logistic_c1_l25,0,0.4858413090460018,0.2555520847907985
1,2025-12-12,base_only,elastic_logistic_c1_l25,0,0.4613482517482517,0.25299262727853206
1,2025-12-15,base_only,elastic_logistic_c1_l25,0,0.5354285714285715,0.24659178580619776
1,2025-12-16,base_only,elastic_logistic_c1_l25,0,0.4607040821267735,0.24655682075216853
1,2025-12-17,base_only,elastic_logistic_c1_l25,0,0.5684042889111602,0.24030120901472932
1,2025-12-18,base_only,elastic_logistic_c1_l25,0,0.5464567378314009,0.2406115182964363
1,2025-12-19,base_only,elastic_logistic_c1_l25,0,0.4612519251662508,0.24705779924051982
1,2025-12-22,base_only,elastic_logistic_c1_l25,0,0.5006430572780305,0.2536048336423975
1,2025-12-23,base_only,elastic_logistic_c1_l25,0,0.5690447515212982,0.2581650778849962
1,2025-12-24,base_only,elastic_logistic_c1_l25,0,0.5229186602870813,0.2538684845023874
1,2025-11-26,base_only,ridge_logistic_c01,0,0.6258057142857143,0.2449815239469353
1,2025-11-28,base_only,ridge_logistic_c01,0,0.5873287671232876,0.24780244977153962
1,2025-12-01,base_only,ridge_logistic_c01,0,0.555546875,0.24795024662328993
1,2025-12-02,base_only,ridge_logistic_c01,0,0.5490158991533061,0.24844336255071137
1,2025-12-03,base_only,ridge_logistic_c01,0,0.4993566433566433,0.24916728340551766
1,2025-12-04,base_only,ridge_logistic_c01,0,0.4956494057724957,0.24699529922355
1,2025-12-05,base_only,ridge_logistic_c01,0,0.49533070402103446,0.24831675924066546
1,2025-12-08,base_only,ridge_logistic_c01,0,0.4625628608679456,0.24778786499459993
1,2025-12-09,base_only,ridge_logistic_c01,0,0.47531340843023256,0.2486885194134856
1,2025-12-10,base_only,ridge_logistic_c01,0,0.5118569041058765,0.25220672345397493
1,2025-12-11,base_only,ridge_logistic_c01,0,0.48559431923433155,0.2555599758399473
1,2025-12-12,base_only,ridge_logistic_c01,0,0.46196363636363635,0.25297118410685027
1,2025-12-15,base_only,ridge_logistic_c01,0,0.53608,0.24659091086021714
1,2025-12-16,base_only,ridge_logistic_c01,0,0.46032879763691825,0.24657577546295972
1,2025-12-17,base_only,ridge_logistic_c01,0,0.5681022529139609,0.24034643472105804
1,2025-12-18,base_only,ridge_logistic_c01,0,0.5463569075428913,0.24065561011659667
1,2025-12-19,base_only,ridge_logistic_c01,0,0.46065497439081177,0.24707404540375227
1,2025-12-22,base_only,ridge_logistic_c01,0,0.5006775067750678,0.25358386102766856
1,2025-12-23,base_only,ridge_logistic_c01,0,0.5685218052738338,0.25813898139668184
1,2025-12-24,base_only,ridge_logistic_c01,0,0.5231818181818182,0.2538497523822261
1,2025-11-26,base_only,tanh_mlp_16_8,442,0.5351314285714286,0.2528877122383436
1,2025-11-28,base_only,tanh_mlp_16_8,442,0.4819204767834905,0.2554586709815961
1,2025-12-01,base_only,tanh_mlp_16_8,442,0.4518191964285714,0.25867784373087216
1,2025-12-02,base_only,tanh_mlp_16_8,442,0.4476685321376518,0.2570174117932193
1,2025-12-03,base_only,tanh_mlp_16_8,442,0.4563804195804196,0.25627873172774573
1,2025-12-04,base_only,tanh_mlp_16_8,442,0.4954607621203546,0.25269322596120264
1,2025-12-05,base_only,tanh_mlp_16_8,442,0.4637562899496803,0.25375500394494704
1,2025-12-08,base_only,tanh_mlp_16_8,442,0.5186720059601415,0.25082033243839075
1,2025-12-09,base_only,tanh_mlp_16_8,442,0.49987509084302323,0.2500751116700329
1,2025-12-10,base_only,tanh_mlp_16_8,442,0.5176159718144451,0.25028719119749027
1,2025-12-11,base_only,tanh_mlp_16_8,442,0.516776782957703,0.25144547075661106
1,2025-12-12,base_only,tanh_mlp_16_8,442,0.5297678321678321,0.25006618191614954
1,2025-12-15,base_only,tanh_mlp_16_8,442,0.4893828571428571,0.2533860025682458
1,2025-12-16,base_only,tanh_mlp_16_8,442,0.48474650138007847,0.25430652953263705
1,2025-12-17,base_only,tanh_mlp_16_8,442,0.52403245514079,0.24898576440982623
1,2025-12-18,base_only,tanh_mlp_16_8,442,0.5454299120067314,0.24780150674002618
1,2025-12-19,base_only,tanh_mlp_16_8,442,0.48245561670984616,0.2541088100419371
1,2025-12-22,base_only,tanh_mlp_16_8,442,0.5319806164163337,0.25250501863014413
1,2025-12-23,base_only,tanh_mlp_16_8,442,0.5594415567951319,0.25248871636936115
1,2025-12-24,base_only,tanh_mlp_16_8,442,0.5311722488038277,0.2508719772349765
1,2025-11-26,base_only,tanh_mlp_16_8,2025,0.6007085714285714,0.24471035301665522
1,2025-11-28,base_only,tanh_mlp_16_8,2025,0.5661136808397081,0.247529719543188
1,2025-12-01,base_only,tanh_mlp_16_8,2025,0.5465066964285714,0.24887858094030216
1,2025-12-02,base_only,tanh_mlp_16_8,2025,0.5012850610264912,0.25187010325975356
1,2025-12-03,base_only,tanh_mlp_16_8,2025,0.4761958041958042,0.25353692545428147
1,2025-12-04,base_only,tanh_mlp_16_8,2025,0.49089794378419166,0.25081733955623503
1,2025-12-05,base_only,tanh_mlp_16_8,2025,0.46910558048868944,0.2525461275044005
1,2025-12-08,base_only,tanh_mlp_16_8,2025,0.4674753212888806,0.25283641051278943
1,2025-12-09,base_only,tanh_mlp_16_8,2025,0.46828442950581395,0.25264863819011957
1,2025-12-10,base_only,tanh_mlp_16_8,2025,0.4786914494782962,0.25557695107983475
1,2025-12-11,base_only,tanh_mlp_16_8,2025,0.49102809509107753,0.25812309825139956
1,2025-12-12,base_only,tanh_mlp_16_8,2025,0.5163412587412587,0.25372551577169333
1,2025-12-15,base_only,tanh_mlp_16_8,2025,0.49117714285714287,0.2516044594817013
1,2025-12-16,base_only,tanh_mlp_16_8,2025,0.465873323325747,0.254077860322423
1,2025-12-17,base_only,tanh_mlp_16_8,2025,0.5206551435357432,0.24492544087843116
1,2025-12-18,base_only,tanh_mlp_16_8,2025,0.5323806671515566,0.2447565129969029
1,2025-12-19,base_only,tanh_mlp_16_8,2025,0.44696092360223977,0.25528577288906595
1,2025-12-22,base_only,tanh_mlp_16_8,2025,0.5132630563593772,0.2550522005065706
1,2025-12-23,base_only,tanh_mlp_16_8,2025,0.5787430273833671,0.25780954000395573
1,2025-12-24,base_only,tanh_mlp_16_8,2025,0.563767942583732,0.2515239519142982
1,2025-11-26,base_only,tanh_mlp_16_8,9001,0.5731885714285714,0.24689030311194435
1,2025-11-28,base_only,tanh_mlp_16_8,9001,0.548745774773172,0.24848798562528407
1,2025-12-01,base_only,tanh_mlp_16_8,9001,0.5573325892857143,0.2487040129332042
1,2025-12-02,base_only,tanh_mlp_16_8,9001,0.5479477964819368,0.24811329917860017
1,2025-12-03,base_only,tanh_mlp_16_8,9001,0.5047608391608391,0.25217576982593337
1,2025-12-04,base_only,tanh_mlp_16_8,9001,0.50149735898887,0.2533095443258646
1,2025-12-05,base_only,tanh_mlp_16_8,9001,0.447583752663312,0.2565828889167738
1,2025-12-08,base_only,tanh_mlp_16_8,9001,0.4441702365431179,0.2569914259906629
1,2025-12-09,base_only,tanh_mlp_16_8,9001,0.4595975654069767,0.25546847920478066
1,2025-12-10,base_only,tanh_mlp_16_8,9001,0.4678169745697638,0.2555139439016397
1,2025-12-11,base_only,tanh_mlp_16_8,9001,0.4926335288669342,0.2552098442911267
1,2025-12-12,base_only,tanh_mlp_16_8,9001,0.5243300699300699,0.2519114044352881
1,2025-12-15,base_only,tanh_mlp_16_8,9001,0.48910857142857145,0.2531794211724876
1,2025-12-16,base_only,tanh_mlp_16_8,9001,0.46336739140961697,0.2562594113751038
1,2025-12-17,base_only,tanh_mlp_16_8,9001,0.5113057565315284,0.25067098329744797
1,2025-12-18,base_only,tanh_mlp_16_8,9001,0.5202441563627547,0.25142800727231013
1,2025-12-19,base_only,tanh_mlp_16_8,9001,0.4713523322866797,0.25774487300615245
1,2025-12-22,base_only,tanh_mlp_16_8,9001,0.5339786872444996,0.2497173174214102
1,2025-12-23,base_only,tanh_mlp_16_8,9001,0.6036701318458417,0.24908964148142984
1,2025-12-24,base_only,tanh_mlp_16_8,9001,0.5479665071770334,0.24973677928674487
1,2025-11-26,base_plus_crowding,elastic_logistic_c1_l25,0,0.6304457142857143,0.24490669433965007
1,2025-11-28,base_plus_crowding,elastic_logistic_c1_l25,0,0.5947117950542609,0.24766969383219656
1,2025-12-01,base_plus_crowding,elastic_logistic_c1_l25,0,0.5620535714285715,0.2477864593561756
1,2025-12-02,base_plus_crowding,elastic_logistic_c1_l25,0,0.548804503832931,0.24843732109327787
1,2025-12-03,base_plus_crowding,elastic_logistic_c1_l25,0,0.4964475524475524,0.24922565495186608
1,2025-12-04,base_plus_crowding,elastic_logistic_c1_l25,0,0.4944232220335786,0.24712078778290783
1,2025-12-05,base_plus_crowding,elastic_logistic_c1_l25,0,0.494390044879641,0.24836248944902684
1,2025-12-08,base_plus_crowding,elastic_logistic_c1_l25,0,0.4638899236356863,0.24779584542847635
1,2025-12-09,base_plus_crowding,elastic_logistic_c1_l25,0,0.47214525799418605,0.24880759683513873
1,2025-12-10,base_plus_crowding,elastic_logistic_c1_l25,0,0.5152558832828944,0.25213404210144236
1,2025-12-11,base_plus_crowding,elastic_logistic_c1_l25,0,0.484137079345477,0.25550875384776933
1,2025-12-12,base_plus_crowding,elastic_logistic_c1_l25,0,0.4628587412587412,0.25290140175694015
1,2025-12-15,base_plus_crowding,elastic_logistic_c1_l25,0,0.5357828571428571,0.24656889099926863
1,2025-12-16,base_plus_crowding,elastic_logistic_c1_l25,0,0.46356108663018736,0.24648619131002622
1,2025-12-17,base_plus_crowding,elastic_logistic_c1_l25,0,0.5688024272711047,0.2402415167028594
1,2025-12-18,base_plus_crowding,elastic_logistic_c1_l25,0,0.5471270269113935,0.24055649138340565
1,2025-12-19,base_plus_crowding,elastic_logistic_c1_l25,0,0.45660764813333493,0.24723504960531373
1,2025-12-22,base_plus_crowding,elastic_logistic_c1_l25,0,0.4978641311836847,0.2536735942937409
1,2025-12-23,base_plus_crowding,elastic_logistic_c1_l25,0,0.5662557048681541,0.25810090469744645
1,2025-12-24,base_plus_crowding,elastic_logistic_c1_l25,0,0.5205263157894737,0.25380206870267347
1,2025-11-26,base_plus_crowding,ridge_logistic_c01,0,0.6307085714285714,0.24490545007479753
1,2025-11-28,base_plus_crowding,ridge_logistic_c01,0,0.5948785803237857,0.24767099789743507
1,2025-12-01,base_plus_crowding,ridge_logistic_c01,0,0.5622767857142856,0.24778225102897058
1,2025-12-02,base_plus_crowding,ridge_logistic_c01,0,0.5490826555702666,0.24842715877604207
1,2025-12-03,base_plus_crowding,ridge_logistic_c01,0,0.49654825174825173,0.24921737276033085
1,2025-12-04,base_plus_crowding,ridge_logistic_c01,0,0.4947415581965667,0.24711189637939593
1,2025-12-05,base_plus_crowding,ridge_logistic_c01,0,0.4944693775783127,0.24835953056998647
1,2025-12-08,base_plus_crowding,ridge_logistic_c01,0,0.4637967964239151,0.24779305321886946
1,2025-12-09,base_plus_crowding,ridge_logistic_c01,0,0.472156613372093,0.2488054015558741
1,2025-12-10,base_plus_crowding,ridge_logistic_c01,0,0.5152220064140205,0.25214022969323047
1,2025-12-11,base_plus_crowding,ridge_logistic_c01,0,0.4843593701759802,0.2555137533630427
1,2025-12-12,base_plus_crowding,ridge_logistic_c01,0,0.46298181818181816,0.2528975645298656
1,2025-12-15,base_plus_crowding,ridge_logistic_c01,0,0.5360228571428571,0.24656839185190668
1,2025-12-16,base_plus_crowding,ridge_logistic_c01,0,0.46360951043533005,0.24648265966884286
1,2025-12-17,base_plus_crowding,ridge_logistic_c01,0,0.5686102225456142,0.24024275056760155
1,2025-12-18,base_plus_crowding,ridge_logistic_c01,0,0.5471412883811806,0.24055272670146247
1,2025-12-19,base_plus_crowding,ridge_logistic_c01,0,0.45701357466063347,0.24723264914478985
1,2025-12-22,base_plus_crowding,ridge_logistic_c01,0,0.49809379449726704,0.2536669692589518
1,2025-12-23,base_plus_crowding,ridge_logistic_c01,0,0.5664617139959431,0.2581100022357942
1,2025-12-24,base_plus_crowding,ridge_logistic_c01,0,0.5210287081339713,0.2538025229463929
1,2025-11-26,base_plus_crowding,tanh_mlp_16_8,442,0.5854171428571429,0.24445951372435132
1,2025-11-28,base_plus_crowding,tanh_mlp_16_8,442,0.533457125066714,0.24984390712743676
1,2025-12-01,base_plus_crowding,tanh_mlp_16_8,442,0.49832589285714285,0.25274347319362483
1,2025-12-02,base_plus_crowding,tanh_mlp_16_8,442,0.5144583273067125,0.25065351738998776
1,2025-12-03,base_plus_crowding,tanh_mlp_16_8,442,0.48014545454545454,0.25243770446475977
1,2025-12-04,base_plus_crowding,tanh_mlp_16_8,442,0.5367265610262214,0.24574913961090056
1,2025-12-05,base_plus_crowding,tanh_mlp_16_8,442,0.46926424588603294,0.25123535032550764
1,2025-12-08,base_plus_crowding,tanh_mlp_16_8,442,0.4726438815421866,0.2499741384323631
1,2025-12-09,base_plus_crowding,tanh_mlp_16_8,442,0.47509765625,0.2507943328754038
1,2025-12-10,base_plus_crowding,tanh_mlp_16_8,442,0.47421970278693704,0.25610372860052716
1,2025-12-11,base_plus_crowding,tanh_mlp_16_8,442,0.4968570546464958,0.2577729937056856
1,2025-12-12,base_plus_crowding,tanh_mlp_16_8,442,0.5203356643356644,0.25345099673381377
1,2025-12-15,base_plus_crowding,tanh_mlp_16_8,442,0.5236,0.24827659510531788
1,2025-12-16,base_plus_crowding,tanh_mlp_16_8,442,0.49916468936129,0.2489888297691645
1,2025-12-17,base_plus_crowding,tanh_mlp_16_8,442,0.5404796880791883,0.24087747456195027
1,2025-12-18,base_plus_crowding,tanh_mlp_16_8,442,0.5531596286313267,0.23950597289572556
1,2025-12-19,base_plus_crowding,tanh_mlp_16_8,442,0.47057629627860886,0.25084274168573756
1,2025-12-22,base_plus_crowding,tanh_mlp_16_8,442,0.5200496072757337,0.25580268060148903
1,2025-12-23,base_plus_crowding,tanh_mlp_16_8,442,0.5813260649087222,0.2605533613167108
1,2025-12-24,base_plus_crowding,tanh_mlp_16_8,442,0.5277631578947368,0.2562494284735617
1,2025-11-26,base_plus_crowding,tanh_mlp_16_8,2025,0.6248685714285716,0.2424022749028011
1,2025-11-28,base_plus_crowding,tanh_mlp_16_8,2025,0.5725404732254047,0.246992984266735
1,2025-12-01,base_plus_crowding,tanh_mlp_16_8,2025,0.5752455357142857,0.24701600176941654
1,2025-12-02,base_plus_crowding,tanh_mlp_16_8,2025,0.5487377474159704,0.2488499024526946
1,2025-12-03,base_plus_crowding,tanh_mlp_16_8,2025,0.4779188811188811,0.253143035948155
1,2025-12-04,base_plus_crowding,tanh_mlp_16_8,2025,0.4825740426334654,0.25145036274577637
1,2025-12-05,base_plus_crowding,tanh_mlp_16_8,2025,0.47180289224352867,0.2524927288552824
1,2025-12-08,base_plus_crowding,tanh_mlp_16_8,2025,0.47679968336747997,0.25254896073317873
1,2025-12-09,base_plus_crowding,tanh_mlp_16_8,2025,0.45220521438953487,0.25448440017241664
1,2025-12-10,base_plus_crowding,tanh_mlp_16_8,2025,0.45579068611951756,0.2568544642005169
1,2025-12-11,base_plus_crowding,tanh_mlp_16_8,2025,0.4922506946588453,0.2574322491422436
1,2025-12-12,base_plus_crowding,tanh_mlp_16_8,2025,0.5374433566433566,0.2508569874526541
1,2025-12-15,base_plus_crowding,tanh_mlp_16_8,2025,0.49734857142857136,0.25127009414236046
1,2025-12-16,base_plus_crowding,tanh_mlp_16_8,2025,0.48391119074136846,0.2530949084088184
1,2025-12-17,base_plus_crowding,tanh_mlp_16_8,2025,0.510385919630967,0.2478025169762181
1,2025-12-18,base_plus_crowding,tanh_mlp_16_8,2025,0.5179195367874614,0.24824305209078767
1,2025-12-19,base_plus_crowding,tanh_mlp_16_8,2025,0.45842237849066964,0.25481711322441986
1,2025-12-22,base_plus_crowding,tanh_mlp_16_8,2025,0.5305567038721234,0.2525713028447366
1,2025-12-23,base_plus_crowding,tanh_mlp_16_8,2025,0.5641797667342799,0.25710570606251165
1,2025-12-24,base_plus_crowding,tanh_mlp_16_8,2025,0.5333253588516746,0.253731003320989
1,2025-11-26,base_plus_crowding,tanh_mlp_16_8,9001,0.5488228571428571,0.24768184620195227
1,2025-11-28,base_plus_crowding,tanh_mlp_16_8,9001,0.5086172389254582,0.251942365275166
1,2025-12-01,base_plus_crowding,tanh_mlp_16_8,9001,0.4861607142857143,0.25299092503315546
1,2025-12-02,base_plus_crowding,tanh_mlp_16_8,9001,0.49606693443407246,0.2518721151916229
1,2025-12-03,base_plus_crowding,tanh_mlp_16_8,9001,0.49523916083916086,0.25369040678717664
1,2025-12-04,base_plus_crowding,tanh_mlp_16_8,9001,0.520727221279004,0.2500844121901603
1,2025-12-05,base_plus_crowding,tanh_mlp_16_8,9001,0.4967020263837889,0.2516522317734563
1,2025-12-08,base_plus_crowding,tanh_mlp_16_8,9001,0.5118271558949525,0.251545993824443
1,2025-12-09,base_plus_crowding,tanh_mlp_16_8,9001,0.5045762172965116,0.2507536542516152
1,2025-12-10,base_plus_crowding,tanh_mlp_16_8,9001,0.48139030669858623,0.2532317027265336
1,2025-12-11,base_plus_crowding,tanh_mlp_16_8,9001,0.5046372337141093,0.254638566780069
1,2025-12-12,base_plus_crowding,tanh_mlp_16_8,9001,0.5527496503496504,0.2496594147422186
1,2025-12-15,base_plus_crowding,tanh_mlp_16_8,9001,0.49602285714285715,0.2511524864055451
1,2025-12-16,base_plus_crowding,tanh_mlp_16_8,9001,0.4561764563459397,0.2552816785923475
1,2025-12-17,base_plus_crowding,tanh_mlp_16_8,9001,0.4684990183830091,0.25193460790388883
1,2025-12-18,base_plus_crowding,tanh_mlp_16_8,9001,0.4513612572911765,0.2533143828241458
1,2025-12-19,base_plus_crowding,tanh_mlp_16_8,9001,0.4249215009730298,0.25828183305683944
1,2025-12-22,base_plus_crowding,tanh_mlp_16_8,9001,0.5063387074548711,0.2540841977821115
1,2025-12-23,base_plus_crowding,tanh_mlp_16_8,9001,0.5722458164300203,0.2553470345594345
1,2025-12-24,base_plus_crowding,tanh_mlp_16_8,9001,0.5494617224880384,0.2513063188342281
1,2025-11-26,base_plus_regime,elastic_logistic_c1_l25,0,0.64936,0.24409871518202858
1,2025-11-28,base_plus_regime,elastic_logistic_c1_l25,0,0.6086550435865504,0.24708179121187163
1,2025-12-01,base_plus_regime,elastic_logistic_c1_l25,0,0.573984375,0.24743560438041007
1,2025-12-02,base_plus_regime,elastic_logistic_c1_l25,0,0.5641251015253841,0.24801920560228907
1,2025-12-03,base_plus_regime,elastic_logistic_c1_l25,0,0.5074013986013985,0.2489166307323485
1,2025-12-04,base_plus_regime,elastic_logistic_c1_l25,0,0.5133465383889833,0.2466474169679331
1,2025-12-05,base_plus_regime,elastic_logistic_c1_l25,0,0.5083865995738701,0.24813576004839702
1,2025-12-08,base_plus_regime,elastic_logistic_c1_l25,0,0.4712586142670888,0.24791779149796464
1,2025-12-09,base_plus_regime,elastic_logistic_c1_l25,0,0.4820925690406977,0.2488188673403666
1,2025-12-10,base_plus_regime,elastic_logistic_c1_l25,0,0.5099823840281856,0.25236365112191844
1,2025-12-11,base_plus_regime,elastic_logistic_c1_l25,0,0.48018524235875276,0.2558301394919012
1,2025-12-12,base_plus_regime,elastic_logistic_c1_l25,0,0.4646153846153846,0.252993533041668
1,2025-12-15,base_plus_regime,elastic_logistic_c1_l25,0,0.5286857142857142,0.24681060685022924
1,2025-12-16,base_plus_regime,elastic_logistic_c1_l25,0,0.45934821558278055,0.24668604333821625
1,2025-12-17,base_plus_regime,elastic_logistic_c1_l25,0,0.5574074328313129,0.24056234268658297
1,2025-12-18,base_plus_regime,elastic_logistic_c1_l25,0,0.542720232747187,0.2407383837934708
1,2025-12-19,base_plus_regime,elastic_logistic_c1_l25,0,0.4486204467579603,0.24761190343946485
1,2025-12-22,base_plus_regime,elastic_logistic_c1_l25,0,0.4817647329015663,0.2540171770575256
1,2025-12-23,base_plus_regime,elastic_logistic_c1_l25,0,0.5674442190669371,0.25794393766287554
1,2025-12-24,base_plus_regime,elastic_logistic_c1_l25,0,0.5437200956937799,0.25313363751802065
1,2025-11-26,base_plus_regime,ridge_logistic_c01,0,0.6494514285714286,0.24410715285512496
1,2025-11-28,base_plus_regime,ridge_logistic_c01,0,0.6090330901974738,0.2470873867394777
1,2025-12-01,base_plus_regime,ridge_logistic_c01,0,0.5742633928571428,0.24742884727192585
1,2025-12-02,base_plus_regime,ridge_logistic_c01,0,0.5646257746525885,0.24800589539430784
1,2025-12-03,base_plus_regime,ridge_logistic_c01,0,0.5084755244755245,0.2488966752391976
1,2025-12-04,base_plus_regime,ridge_logistic_c01,0,0.5135941331824183,0.24663621195580995
1,2025-12-05,base_plus_regime,ridge_logistic_c01,0,0.5082846003898636,0.24813595850568002
1,2025-12-08,base_plus_regime,ridge_logistic_c01,0,0.47074641460234684,0.24791836677294848
1,2025-12-09,base_plus_regime,ridge_logistic_c01,0,0.48138853561046513,0.24882132061322237
1,2025-12-10,base_plus_regime,ridge_logistic_c01,0,0.5092145083337097,0.2523784795349537
1,2025-12-11,base_plus_regime,ridge_logistic_c01,0,0.48009879592466814,0.25583433495699437
1,2025-12-12,base_plus_regime,ridge_logistic_c01,0,0.4648503496503496,0.25298333184374533
1,2025-12-15,base_plus_regime,ridge_logistic_c01,0,0.5289028571428571,0.24680656134756637
1,2025-12-16,base_plus_regime,ridge_logistic_c01,0,0.45915452036221,0.24668511784191793
1,2025-12-17,base_plus_regime,ridge_logistic_c01,0,0.5575859086478399,0.24057614692209323
1,2025-12-18,base_plus_regime,ridge_logistic_c01,0,0.5426489253982516,0.24074863605481378
1,2025-12-19,base_plus_regime,ridge_logistic_c01,0,0.4490263732852589,0.2475948541813211
1,2025-12-22,base_plus_regime,ridge_logistic_c01,0,0.4820518120435442,0.2539944131300094
1,2025-12-23,base_plus_regime,ridge_logistic_c01,0,0.5676977687626775,0.2579428880119405
1,2025-12-24,base_plus_regime,ridge_logistic_c01,0,0.5438157894736841,0.25314105585038477
1,2025-11-26,base_plus_regime,tanh_mlp_16_8,442,0.5854514285714286,0.24472974641274908
1,2025-11-28,base_plus_regime,tanh_mlp_16_8,442,0.5579523216509518,0.24752240370361173
1,2025-12-01,base_plus_regime,tanh_mlp_16_8,442,0.5363839285714286,0.24917409127754822
1,2025-12-02,base_plus_regime,tanh_mlp_16_8,442,0.5666173410919124,0.24649610863217683
1,2025-12-03,base_plus_regime,tanh_mlp_16_8,442,0.5255832167832167,0.24895416731503445
1,2025-12-04,base_plus_regime,tanh_mlp_16_8,442,0.5335431993963403,0.2463322016241932
1,2025-12-05,base_plus_regime,tanh_mlp_16_8,442,0.49369871707693,0.24999341049895993
1,2025-12-08,base_plus_regime,tanh_mlp_16_8,442,0.49128096479791394,0.2492232760312651
1,2025-12-09,base_plus_regime,tanh_mlp_16_8,442,0.4776639716569767,0.2509904196087812
1,2025-12-10,base_plus_regime,tanh_mlp_16_8,442,0.48873029495460496,0.2554111575215671
1,2025-12-11,base_plus_regime,tanh_mlp_16_8,442,0.4854955233096635,0.2595179366620329
1,2025-12-12,base_plus_regime,tanh_mlp_16_8,442,0.5590825174825175,0.2498698097438
1,2025-12-15,base_plus_regime,tanh_mlp_16_8,442,0.5395657142857143,0.2469272067565001
1,2025-12-16,base_plus_regime,tanh_mlp_16_8,442,0.5009926880054234,0.2483334922865142
1,2025-12-17,base_plus_regime,tanh_mlp_16_8,442,0.5162207059404988,0.24406383609491353
1,2025-12-18,base_plus_regime,tanh_mlp_16_8,442,0.5480254995079793,0.24279285965544148
1,2025-12-19,base_plus_regime,tanh_mlp_16_8,442,0.42495731801955616,0.25370483720814635
1,2025-12-22,base_plus_regime,tanh_mlp_16_8,442,0.4822010931973726,0.25770174575846605
1,2025-12-23,base_plus_regime,tanh_mlp_16_8,442,0.49928689148073024,0.26436353416891756
1,2025-12-24,base_plus_regime,tanh_mlp_16_8,442,0.5217583732057416,0.25586206068233075
1,2025-11-26,base_plus_regime,tanh_mlp_16_8,2025,0.5823314285714286,0.24674268182312512
1,2025-11-28,base_plus_regime,tanh_mlp_16_8,2025,0.5451432129514322,0.24996430871585829
1,2025-12-01,base_plus_regime,tanh_mlp_16_8,2025,0.5273772321428571,0.2515580071576016
1,2025-12-02,base_plus_regime,tanh_mlp_16_8,2025,0.511654557794368,0.25132585467632024
1,2025-12-03,base_plus_regime,tanh_mlp_16_8,2025,0.5043356643356643,0.2501916953564297
1,2025-12-04,base_plus_regime,tanh_mlp_16_8,2025,0.4899193548387097,0.25045056007308314
1,2025-12-05,base_plus_regime,tanh_mlp_16_8,2025,0.5004873294346979,0.2500042817492585
1,2025-12-08,base_plus_regime,tanh_mlp_16_8,2025,0.5058204507357049,0.25053495056712566
1,2025-12-09,base_plus_regime,tanh_mlp_16_8,2025,0.48691860465116277,0.25237204384442935
1,2025-12-10,base_plus_regime,tanh_mlp_16_8,2025,0.46883328063598173,0.2557672870397145
1,2025-12-11,base_plus_regime,tanh_mlp_16_8,2025,0.4983883914788515,0.256873917586569
1,2025-12-12,base_plus_regime,tanh_mlp_16_8,2025,0.545488111888112,0.2504702037033544
1,2025-12-15,base_plus_regime,tanh_mlp_16_8,2025,0.4990628571428571,0.25063963884521817
1,2025-12-16,base_plus_regime,tanh_mlp_16_8,2025,0.48824512130163195,0.2522586644749698
1,2025-12-17,base_plus_regime,tanh_mlp_16_8,2025,0.5045236755035077,0.2479650022744576
1,2025-12-18,base_plus_regime,tanh_mlp_16_8,2025,0.5025314108872061,0.24860541608132772
1,2025-12-19,base_plus_regime,tanh_mlp_16_8,2025,0.4452894614310104,0.2549755577165483
1,2025-12-22,base_plus_regime,tanh_mlp_16_8,2025,0.5060056956501768,0.2549147480531698
1,2025-12-23,base_plus_regime,tanh_mlp_16_8,2025,0.5313292342799188,0.2595919835112376
1,2025-12-24,base_plus_regime,tanh_mlp_16_8,2025,0.5380382775119616,0.2540439289319879
1,2025-11-26,base_plus_regime,tanh_mlp_16_8,9001,0.62856,0.24226764194428044
1,2025-11-28,base_plus_regime,tanh_mlp_16_8,9001,0.5776107454189646,0.2470781226285315
1,2025-12-01,base_plus_regime,tanh_mlp_16_8,9001,0.5422767857142857,0.24990060806837144
1,2025-12-02,base_plus_regime,tanh_mlp_16_8,9001,0.5257512878425439,0.25055772532593307
1,2025-12-03,base_plus_regime,tanh_mlp_16_8,9001,0.4784111888111888,0.25483189830029007
1,2025-12-04,base_plus_regime,tanh_mlp_16_8,9001,0.48490850782871153,0.2520674214954685
1,2025-12-05,base_plus_regime,tanh_mlp_16_8,9001,0.4463144294845641,0.25665702039513777
1,2025-12-08,base_plus_regime,tanh_mlp_16_8,9001,0.44307599180480534,0.2555896876024745
1,2025-12-09,base_plus_regime,tanh_mlp_16_8,9001,0.45264807412790703,0.25503095326144765
1,2025-12-10,base_plus_regime,tanh_mlp_16_8,9001,0.4789737567189123,0.25664611733945514
1,2025-12-11,base_plus_regime,tanh_mlp_16_8,9001,0.4885334979932078,0.2586954500455839
1,2025-12-12,base_plus_regime,tanh_mlp_16_8,9001,0.5325314685314686,0.2515137987084297
1,2025-12-15,base_plus_regime,tanh_mlp_16_8,9001,0.5105828571428571,0.25056834388645216
1,2025-12-16,base_plus_regime,tanh_mlp_16_8,9001,0.48233741707423367,0.2531548039782619
1,2025-12-17,base_plus_regime,tanh_mlp_16_8,9001,0.5106055821743846,0.24684998778804706
1,2025-12-18,base_plus_regime,tanh_mlp_16_8,9001,0.5316105477830545,0.24499662251057355
1,2025-12-19,base_plus_regime,tanh_mlp_16_8,9001,0.45099631084420777,0.254762190778143
1,2025-12-22,base_plus_regime,tanh_mlp_16_8,9001,0.5243557944054017,0.25332350140458776
1,2025-12-23,base_plus_regime,tanh_mlp_16_8,9001,0.567380831643002,0.25665480320821277
1,2025-12-24,base_plus_regime,tanh_mlp_16_8,9001,0.5111124401913876,0.25459112051055205
1,2025-11-26,graph_survivors,elastic_logistic_c1_l25,0,0.6589142857142857,0.2438285873022655
1,2025-11-28,graph_survivors,elastic_logistic_c1_l25,0,0.6117572495997153,0.24705631759048147
1,2025-12-01,graph_survivors,elastic_logistic_c1_l25,0,0.5803571428571428,0.24722991303414546
1,2025-12-02,graph_survivors,elastic_logistic_c1_l25,0,0.5731260917455689,0.24780448467956737
1,2025-12-03,graph_survivors,elastic_logistic_c1_l25,0,0.5209286713286714,0.24847007691772077
1,2025-12-04,graph_survivors,elastic_logistic_c1_l25,0,0.5210101867572157,0.24627808856561031
1,2025-12-05,graph_survivors,elastic_logistic_c1_l25,0,0.4975180198558411,0.24822515412996746
1,2025-12-08,graph_survivors,elastic_logistic_c1_l25,0,0.4492456695846526,0.24820252487621142
1,2025-12-09,graph_survivors,elastic_logistic_c1_l25,0,0.4597565406976744,0.2492325834835492
1,2025-12-10,graph_survivors,elastic_logistic_c1_l25,0,0.48884321785085144,0.25293883065284145
1,2025-12-11,graph_survivors,elastic_logistic_c1_l25,0,0.4620191417104045,0.25631335559425616
1,2025-12-12,graph_survivors,elastic_logistic_c1_l25,0,0.4684979020979021,0.2530771831487866
1,2025-12-15,graph_survivors,elastic_logistic_c1_l25,0,0.5388342857142856,0.2464117304884248
1,2025-12-16,graph_survivors,elastic_logistic_c1_l25,0,0.46934773134472907,0.24626257069832916
1,2025-12-17,graph_survivors,elastic_logistic_c1_l25,0,0.5699831134419748,0.2398814041765714
1,2025-12-18,graph_survivors,elastic_logistic_c1_l25,0,0.5450163293829062,0.24012689560782613
1,2025-12-19,graph_survivors,elastic_logistic_c1_l25,0,0.4388901491183037,0.24763088614190526
1,2025-12-22,graph_survivors,elastic_logistic_c1_l25,0,0.480731247990446,0.25424397648114533
1,2025-12-23,graph_survivors,elastic_logistic_c1_l25,0,0.5402351673427992,0.25879545708934576
1,2025-12-24,graph_survivors,elastic_logistic_c1_l25,0,0.5500598086124402,0.25303289535224904
1,2025-11-26,graph_survivors,ridge_logistic_c01,0,0.6589142857142857,0.2438457590828106
1,2025-11-28,graph_survivors,ridge_logistic_c01,0,0.611479274150507,0.24707568829872978
1,2025-12-01,graph_survivors,ridge_logistic_c01,0,0.5795870535714285,0.24725238964255344
1,2025-12-02,graph_survivors,ridge_logistic_c01,0,0.5721803758386275,0.24782654608509058
1,2025-12-03,graph_survivors,ridge_logistic_c01,0,0.5203244755244756,0.2484911938792996
1,2025-12-04,graph_survivors,ridge_logistic_c01,0,0.5206093189964158,0.24628405898403902
1,2025-12-05,graph_survivors,ridge_logistic_c01,0,0.4977106849811868,0.24821333159983747
1,2025-12-08,graph_survivors,ridge_logistic_c01,0,0.4498044328552803,0.24817824709470537
1,2025-12-09,graph_survivors,ridge_logistic_c01,0,0.4600404251453488,0.24920716231525367
1,2025-12-10,graph_survivors,ridge_logistic_c01,0,0.48941912462170833,0.2529210157046761
1,2025-12-11,graph_survivors,ridge_logistic_c01,0,0.46261191725841305,0.25630450226757395
1,2025-12-12,graph_survivors,ridge_logistic_c01,0,0.46809510489510486,0.2530888959360022
1,2025-12-15,graph_survivors,ridge_logistic_c01,0,0.5384571428571429,0.24641282348566818
1,2025-12-16,graph_survivors,ridge_logistic_c01,0,0.46899665875744523,0.24625922665116728
1,2025-12-17,graph_survivors,ridge_logistic_c01,0,0.569873282170266,0.23987097796212065
1,2025-12-18,graph_survivors,ridge_logistic_c01,0,0.5445029164705715,0.2401159115468066
1,2025-12-19,graph_survivors,ridge_logistic_c01,0,0.4391050513974617,0.24761555110180317
1,2025-12-22,graph_survivors,ridge_logistic_c01,0,0.48119057461761056,0.2542466947041578
1,2025-12-23,graph_survivors,ridge_logistic_c01,0,0.541011663286004,0.2588105659752442
1,2025-12-24,graph_survivors,ridge_logistic_c01,0,0.5501196172248803,0.2530531300310471
1,2025-11-26,graph_survivors,tanh_mlp_16_8,442,0.5679542857142856,0.24600882835670967
1,2025-11-28,graph_survivors,tanh_mlp_16_8,442,0.5583414872798433,0.24787766724754903
1,2025-12-01,graph_survivors,tanh_mlp_16_8,442,0.5127232142857142,0.25247071383936626
1,2025-12-02,graph_survivors,tanh_mlp_16_8,442,0.5087172754481024,0.2519506227178273
1,2025-12-03,graph_survivors,tanh_mlp_16_8,442,0.4838825174825175,0.2541259918434462
1,2025-12-04,graph_survivors,tanh_mlp_16_8,442,0.49865591397849457,0.251660887694614
1,2025-12-05,graph_survivors,tanh_mlp_16_8,442,0.5019833174667936,0.251803451340333
1,2025-12-08,graph_survivors,tanh_mlp_16_8,442,0.4677779847271373,0.25474674028538113
1,2025-12-09,graph_survivors,tanh_mlp_16_8,442,0.4902003088662791,0.2524006068199724
1,2025-12-10,graph_survivors,tanh_mlp_16_8,442,0.5002935995302407,0.25377986962478766
1,2025-12-11,graph_survivors,tanh_mlp_16_8,442,0.5129978388391478,0.25366710121879926
1,2025-12-12,graph_survivors,tanh_mlp_16_8,442,0.5251916083916084,0.2520104422626725
1,2025-12-15,graph_survivors,tanh_mlp_16_8,442,0.5183542857142857,0.25059235897190424
1,2025-12-16,graph_survivors,tanh_mlp_16_8,442,0.468028182654593,0.25571163513438155
1,2025-12-17,graph_survivors,tanh_mlp_16_8,442,0.49923804555252,0.2509642734023247
1,2025-12-18,graph_survivors,tanh_mlp_16_8,442,0.49895178197064993,0.25206953624179723
1,2025-12-19,graph_survivors,tanh_mlp_16_8,442,0.4465788751059588,0.2590990937153539
1,2025-12-22,graph_survivors,tanh_mlp_16_8,442,0.5004822929585229,0.2538469157732036
1,2025-12-23,graph_survivors,tanh_mlp_16_8,442,0.5596792596348884,0.25331652603089744
1,2025-12-24,graph_survivors,tanh_mlp_16_8,442,0.5507535885167465,0.25059806912579535
1,2025-11-26,graph_survivors,tanh_mlp_16_8,2025,0.5945371428571429,0.24662286552834017
1,2025-11-28,graph_survivors,tanh_mlp_16_8,2025,0.5219378224515211,0.2524284217492602
1,2025-12-01,graph_survivors,tanh_mlp_16_8,2025,0.4974888392857143,0.2550468224886633
1,2025-12-02,graph_survivors,tanh_mlp_16_8,2025,0.5322822906351873,0.24975882089646181
1,2025-12-03,graph_survivors,tanh_mlp_16_8,2025,0.5250013986013986,0.2513296670070905
1,2025-12-04,graph_survivors,tanh_mlp_16_8,2025,0.536820882852292,0.2513682056661193
1,2025-12-05,graph_survivors,tanh_mlp_16_8,2025,0.4746135364250419,0.2548120137906297
1,2025-12-08,graph_survivors,tanh_mlp_16_8,2025,0.4768811696777798,0.2553677691133486
1,2025-12-09,graph_survivors,tanh_mlp_16_8,2025,0.4896666061046512,0.25426842170237335
1,2025-12-10,graph_survivors,tanh_mlp_16_8,2025,0.4946926238764172,0.25346334331122233
1,2025-12-11,graph_survivors,tanh_mlp_16_8,2025,0.495659154059895,0.25338329599737347
1,2025-12-12,graph_survivors,tanh_mlp_16_8,2025,0.5472671328671329,0.24884169238080564
1,2025-12-15,graph_survivors,tanh_mlp_16_8,2025,0.5426057142857142,0.25047518158715465
1,2025-12-16,graph_survivors,tanh_mlp_16_8,2025,0.5017190450825625,0.2554906277311019
1,2025-12-17,graph_survivors,tanh_mlp_16_8,2025,0.5410288444377326,0.25069009118532837
1,2025-12-18,graph_survivors,tanh_mlp_16_8,2025,0.538227869764258,0.251783354139007
1,2025-12-19,graph_survivors,tanh_mlp_16_8,2025,0.4444895473919221,0.26211962730238436
1,2025-12-22,graph_survivors,tanh_mlp_16_8,2025,0.49224886316659777,0.25518116397089746
1,2025-12-23,graph_survivors,tanh_mlp_16_8,2025,0.5351007860040569,0.2520630258860713
1,2025-12-24,graph_survivors,tanh_mlp_16_8,2025,0.5454665071770335,0.24867713225931667
1,2025-11-26,graph_survivors,tanh_mlp_16_8,9001,0.5511657142857143,0.24906240882232217
1,2025-11-28,graph_survivors,tanh_mlp_16_8,9001,0.5158779576587795,0.2519586881095075
1,2025-12-01,graph_survivors,tanh_mlp_16_8,9001,0.4783482142857143,0.25622349865623306
1,2025-12-02,graph_survivors,tanh_mlp_16_8,9001,0.49179452374859534,0.2533652850194137
1,2025-12-03,graph_survivors,tanh_mlp_16_8,9001,0.5284363636363636,0.25083775424420773
1,2025-12-04,graph_survivors,tanh_mlp_16_8,9001,0.5500141482739106,0.24870792126529503
1,2025-12-05,graph_survivors,tanh_mlp_16_8,9001,0.500317330794687,0.25251590558002557
1,2025-12-08,graph_survivors,tanh_mlp_16_8,9001,0.47627584280126656,0.25420595468602986
1,2025-12-09,graph_survivors,tanh_mlp_16_8,9001,0.5076875908430233,0.25178252968912496
1,2025-12-10,graph_survivors,tanh_mlp_16_8,9001,0.4857152536248249,0.2553647632660743
1,2025-12-11,graph_survivors,tanh_mlp_16_8,9001,0.4795924668107441,0.25687503825947516
1,2025-12-12,graph_survivors,tanh_mlp_16_8,9001,0.5443804195804195,0.2504566604518782
1,2025-12-15,graph_survivors,tanh_mlp_16_8,9001,0.5233142857142856,0.25005602463743437
1,2025-12-16,graph_survivors,tanh_mlp_16_8,9001,0.4835480122027989,0.2549787099848146
1,2025-12-17,graph_survivors,tanh_mlp_16_8,9001,0.486909485303203,0.25265214694429117
1,2025-12-18,graph_survivors,tanh_mlp_16_8,9001,0.498210185541722,0.25398749101885104
1,2025-12-19,graph_survivors,tanh_mlp_16_8,9001,0.43204909323177215,0.2607480834149515
1,2025-12-22,graph_survivors,tanh_mlp_16_8,9001,0.4802374718662441,0.25776300862474943
1,2025-12-23,graph_survivors,tanh_mlp_16_8,9001,0.5372559584178499,0.2580135980519421
1,2025-12-24,graph_survivors,tanh_mlp_16_8,9001,0.5657894736842106,0.25131143290891295
2,2025-12-26,base_only,elastic_logistic_c1_l25,0,0.5076339285714286,0.24883502438450372
2,2025-12-29,base_only,elastic_logistic_c1_l25,0,0.51535,0.2432739220239707
2,2025-12-30,base_only,elastic_logistic_c1_l25,0,0.5989622376311845,0.24269952380467713
2,2025-12-31,base_only,elastic_logistic_c1_l25,0,0.4830212715136878,0.2419113208820077
2,2026-01-02,base_only,elastic_logistic_c1_l25,0,0.5193783068783069,0.24138808390211158
2,2026-01-05,base_only,elastic_logistic_c1_l25,0,0.5069268706081758,0.24587947125969178
2,2026-01-06,base_only,elastic_logistic_c1_l25,0,0.4867734890354787,0.2502752262971586
2,2026-01-07,base_only,elastic_logistic_c1_l25,0,0.44630730050933787,0.24796146536167163
2,2026-01-08,base_only,elastic_logistic_c1_l25,0,0.4342613123100928,0.2487949230991868
2,2026-01-09,base_only,elastic_logistic_c1_l25,0,0.484154380651196,0.2507352995045588
2,2026-01-12,base_only,elastic_logistic_c1_l25,0,0.4484057126202273,0.25718007847390006
2,2026-01-13,base_only,elastic_logistic_c1_l25,0,0.3429310037439829,0.25538320684922783
2,2026-01-14,base_only,elastic_logistic_c1_l25,0,0.41684086461483727,0.2538321984454119
2,2026-01-15,base_only,elastic_logistic_c1_l25,0,0.4834668940039784,0.25417382044892056
2,2026-01-16,base_only,elastic_logistic_c1_l25,0,0.51659610405485,0.2501022523431969
2,2026-01-20,base_only,elastic_logistic_c1_l25,0,0.4273832855922408,0.24531134285756537
2,2026-01-21,base_only,elastic_logistic_c1_l25,0,0.5357719082488068,0.25212246845689323
2,2026-01-22,base_only,elastic_logistic_c1_l25,0,0.41875872083130083,0.2561694572856305
2,2026-01-23,base_only,elastic_logistic_c1_l25,0,0.40444444444444444,0.2576488594585889
2,2026-01-26,base_only,elastic_logistic_c1_l25,0,0.3952301744290595,0.2569090045733113
2,2025-12-26,base_only,ridge_logistic_c01,0,0.5078348214285714,0.2488277776496462
2,2025-12-29,base_only,ridge_logistic_c01,0,0.5153875,0.24325860318165457
2,2025-12-30,base_only,ridge_logistic_c01,0,0.5989036731634183,0.24270036551726865
2,2025-12-31,base_only,ridge_logistic_c01,0,0.4829283828076275,0.24189106932242188
2,2026-01-02,base_only,ridge_logistic_c01,0,0.5192063492063492,0.24137007686255327
2,2026-01-05,base_only,ridge_logistic_c01,0,0.5068797890747302,0.24587127596200972
2,2026-01-06,base_only,ridge_logistic_c01,0,0.486572918523801,0.2502752418384312
2,2026-01-07,base_only,ridge_logistic_c01,0,0.4460832861724203,0.24794690755730206
2,2026-01-08,base_only,ridge_logistic_c01,0,0.4341791902767513,0.2487793488150947
2,2026-01-09,base_only,ridge_logistic_c01,0,0.4839428087835731,0.2507352903264982
2,2026-01-12,base_only,ridge_logistic_c01,0,0.44834742057709126,0.25718928482300385
2,2026-01-13,base_only,ridge_logistic_c01,0,0.34306471741843464,0.2553683218884268
2,2026-01-14,base_only,ridge_logistic_c01,0,0.4166740793453122,0.25382535102758474
2,2026-01-15,base_only,ridge_logistic_c01,0,0.4835464620630861,0.25417978702788524
2,2026-01-16,base_only,ridge_logistic_c01,0,0.5164960940538498,0.250109033881389
2,2026-01-20,base_only,ridge_logistic_c01,0,0.4271948339112518,0.24529859163181536
2,2026-01-21,base_only,ridge_logistic_c01,0,0.5359185837912243,0.25213198924400015
2,2026-01-22,base_only,ridge_logistic_c01,0,0.41864527912332244,0.2561732315628545
2,2026-01-23,base_only,ridge_logistic_c01,0,0.40453537936913897,0.25764848826912146
2,2026-01-26,base_only,ridge_logistic_c01,0,0.39520769645747167,0.2569113508052785
2,2025-12-26,base_only,tanh_mlp_16_8,442,0.5777678571428572,0.24594305261540397
2,2025-12-29,base_only,tanh_mlp_16_8,442,0.573575,0.23817600309222273
2,2025-12-30,base_only,tanh_mlp_16_8,442,0.5970061844077961,0.24042442832309138
2,2025-12-31,base_only,tanh_mlp_16_8,442,0.5515731365862073,0.2390051954568933
2,2026-01-02,base_only,tanh_mlp_16_8,442,0.5241534391534391,0.23903694140424828
2,2026-01-05,base_only,tanh_mlp_16_8,442,0.48896526559870057,0.24688837225066104
2,2026-01-06,base_only,tanh_mlp_16_8,442,0.4788955250490283,0.25370115447454405
2,2026-01-07,base_only,tanh_mlp_16_8,442,0.44102527824938687,0.2516257283535748
2,2026-01-08,base_only,tanh_mlp_16_8,442,0.3928248806297586,0.2575590027128265
2,2026-01-09,base_only,tanh_mlp_16_8,442,0.4403144626074562,0.2554955183579213
2,2026-01-12,base_only,tanh_mlp_16_8,442,0.4317808219178082,0.26067223586433214
2,2026-01-13,base_only,tanh_mlp_16_8,442,0.40367044036370126,0.25746905787751434
2,2026-01-14,base_only,tanh_mlp_16_8,442,0.46478607009428924,0.25464466232845856
2,2026-01-15,base_only,tanh_mlp_16_8,442,0.4919579425973288,0.255998114848189
2,2026-01-16,base_only,tanh_mlp_16_8,442,0.5218188485515218,0.24988493760771935
2,2026-01-20,base_only,tanh_mlp_16_8,442,0.4414166541032213,0.24617496131342384
2,2026-01-21,base_only,tanh_mlp_16_8,442,0.5182611050309711,0.2533699383338419
2,2026-01-22,base_only,tanh_mlp_16_8,442,0.40253655659039606,0.26212465730399637
2,2026-01-23,base_only,tanh_mlp_16_8,442,0.34770105143506674,0.2668180041347754
2,2026-01-26,base_only,tanh_mlp_16_8,442,0.4134935263441827,0.2612599456487435
2,2025-12-26,base_only,tanh_mlp_16_8,2025,0.5229575892857142,0.2500606438368891
2,2025-12-29,base_only,tanh_mlp_16_8,2025,0.5268999999999999,0.24617477854235298
2,2025-12-30,base_only,tanh_mlp_16_8,2025,0.5624414355322339,0.24435715109424413
2,2025-12-31,base_only,tanh_mlp_16_8,2025,0.5300893058559695,0.24531048770024294
2,2026-01-02,base_only,tanh_mlp_16_8,2025,0.5117063492063492,0.24716161655027724
2,2026-01-05,base_only,tanh_mlp_16_8,2025,0.49793429772007675,0.25061854540959216
2,2026-01-06,base_only,tanh_mlp_16_8,2025,0.5121233731502941,0.25272308930166015
2,2026-01-07,base_only,tanh_mlp_16_8,2025,0.45926476136578004,0.2577806785498867
2,2026-01-08,base_only,tanh_mlp_16_8,2025,0.43159821208601695,0.26208140346938325
2,2026-01-09,base_only,tanh_mlp_16_8,2025,0.4604471961159859,0.2581019922435895
2,2026-01-12,base_only,tanh_mlp_16_8,2025,0.4652404546779364,0.2569304707575342
2,2026-01-13,base_only,tanh_mlp_16_8,2025,0.45519477625245147,0.25713951075274516
2,2026-01-14,base_only,tanh_mlp_16_8,2025,0.5110856609144281,0.2511139350732008
2,2026-01-15,base_only,tanh_mlp_16_8,2025,0.5031315714691673,0.25169661086629597
2,2026-01-16,base_only,tanh_mlp_16_8,2025,0.5159960440488494,0.2505690768244172
2,2026-01-20,base_only,tanh_mlp_16_8,2025,0.47824011256847077,0.2499991565995659
2,2026-01-21,base_only,tanh_mlp_16_8,2025,0.5066060407758007,0.2511998804621445
2,2026-01-22,base_only,tanh_mlp_16_8,2025,0.4350035734138013,0.25804016742377
2,2026-01-23,base_only,tanh_mlp_16_8,2025,0.3883034953111679,0.2633041676170806
2,2026-01-26,base_only,tanh_mlp_16_8,2025,0.4601690343463406,0.25803772089289323
2,2025-12-26,base_only,tanh_mlp_16_8,9001,0.5265848214285713,0.2496674753748041
2,2025-12-29,base_only,tanh_mlp_16_8,9001,0.5334125000000001,0.24234799835257992
2,2025-12-30,base_only,tanh_mlp_16_8,9001,0.6336909670164917,0.23657722589254015
2,2025-12-31,base_only,tanh_mlp_16_8,9001,0.5128783556045065,0.24038113404199365
2,2026-01-02,base_only,tanh_mlp_16_8,9001,0.5172089947089946,0.2400758365851859
2,2026-01-05,base_only,tanh_mlp_16_8,9001,0.5014065608116856,0.24806532531929823
2,2026-01-06,base_only,tanh_mlp_16_8,9001,0.4981614369762881,0.25329339212049723
2,2026-01-07,base_only,tanh_mlp_16_8,9001,0.4360498019241652,0.2555203586811618
2,2026-01-08,base_only,tanh_mlp_16_8,9001,0.4188106383228334,0.2612542716936176
2,2026-01-09,base_only,tanh_mlp_16_8,9001,0.4729076655828248,0.2563383896690553
2,2026-01-12,base_only,tanh_mlp_16_8,9001,0.4621276595744681,0.2602558319757292
2,2026-01-13,base_only,tanh_mlp_16_8,9001,0.3899647887323944,0.26187265770814905
2,2026-01-14,base_only,tanh_mlp_16_8,9001,0.47190224159402244,0.2552142184238122
2,2026-01-15,base_only,tanh_mlp_16_8,9001,0.5014492753623189,0.2549097475255586
2,2026-01-16,base_only,tanh_mlp_16_8,9001,0.5353090864642019,0.2491531992237113
2,2026-01-20,base_only,tanh_mlp_16_8,9001,0.44093924317804917,0.24782601583173894
2,2026-01-21,base_only,tanh_mlp_16_8,9001,0.5336733197188344,0.2520951344599827
2,2026-01-22,base_only,tanh_mlp_16_8,9001,0.4036029086453926,0.26368133358811807
2,2026-01-23,base_only,tanh_mlp_16_8,9001,0.36376243250923557,0.2690850855912336
2,2026-01-26,base_only,tanh_mlp_16_8,9001,0.41766319007372776,0.26294549940936945
2,2025-12-26,base_plus_crowding,elastic_logistic_c1_l25,0,0.5062500000000001,0.2488441084079636
2,2025-12-29,base_plus_crowding,elastic_logistic_c1_l25,0,0.518725,0.24327222154223455
2,2025-12-30,base_plus_crowding,elastic_logistic_c1_l25,0,0.6087893553223389,0.24252858335758773
2,2025-12-31,base_plus_crowding,elastic_logistic_c1_l25,0,0.4835520641197468,0.24192255419041578
2,2026-01-02,base_plus_crowding,elastic_logistic_c1_l25,0,0.5257936507936507,0.2414046992110075
2,2026-01-05,base_plus_crowding,elastic_logistic_c1_l25,0,0.5089042950128886,0.24579297526981614
2,2026-01-06,base_plus_crowding,elastic_logistic_c1_l25,0,0.4845894990194331,0.2502608158500302
2,2026-01-07,base_plus_crowding,elastic_logistic_c1_l25,0,0.44337153367289184,0.2479530913529475
2,2026-01-08,base_plus_crowding,elastic_logistic_c1_l25,0,0.4354696793721184,0.24864879444047736
2,2026-01-09,base_plus_crowding,elastic_logistic_c1_l25,0,0.48172687185426033,0.2506619166570732
2,2026-01-12,base_plus_crowding,elastic_logistic_c1_l25,0,0.4467502185951618,0.2572871626733905
2,2026-01-13,base_plus_crowding,elastic_logistic_c1_l25,0,0.34151586735603495,0.25542795643257293
2,2026-01-14,base_plus_crowding,elastic_logistic_c1_l25,0,0.4185976694538338,0.25375187973548075
2,2026-01-15,base_plus_crowding,elastic_logistic_c1_l25,0,0.485206024438761,0.25410334152358177
2,2026-01-16,base_plus_crowding,elastic_logistic_c1_l25,0,0.522985631896523,0.24987966707492565
2,2026-01-20,base_plus_crowding,elastic_logistic_c1_l25,0,0.4289411528217498,0.24526802157360397
2,2026-01-21,base_plus_crowding,elastic_logistic_c1_l25,0,0.5335153614423848,0.25208191251636003
2,2026-01-22,base_plus_crowding,elastic_logistic_c1_l25,0,0.4209254574536874,0.25598272404388034
2,2026-01-23,base_plus_crowding,elastic_logistic_c1_l25,0,0.3989769820971867,0.2577656058011927
2,2026-01-26,base_plus_crowding,elastic_logistic_c1_l25,0,0.39148759215968354,0.25697935249602605
2,2025-12-26,base_plus_crowding,ridge_logistic_c01,0,0.5069196428571427,0.24882918937018828
2,2025-12-29,base_plus_crowding,ridge_logistic_c01,0,0.5189124999999999,0.24326192334624647
2,2025-12-30,base_plus_crowding,ridge_logistic_c01,0,0.6089767616191905,0.2425402655899089
2,2025-12-31,base_plus_crowding,ridge_logistic_c01,0,0.4834326357833835,0.2419264714163889
2,2026-01-02,base_plus_crowding,ridge_logistic_c01,0,0.5263492063492063,0.24140491444607495
2,2026-01-05,base_plus_crowding,ridge_logistic_c01,0,0.5089631469296956,0.245790248479412
2,2026-01-06,base_plus_crowding,ridge_logistic_c01,0,0.4842663576395079,0.250265418223437
2,2026-01-07,base_plus_crowding,ridge_logistic_c01,0,0.442711280890398,0.24795384844907087
2,2026-01-08,base_plus_crowding,ridge_logistic_c01,0,0.43537582561972804,0.2486260203391938
2,2026-01-09,base_plus_crowding,ridge_logistic_c01,0,0.4810921562513919,0.25066679069826
2,2026-01-12,base_plus_crowding,ridge_logistic_c01,0,0.4462489070241912,0.25729364403045224
2,2026-01-13,base_plus_crowding,ridge_logistic_c01,0,0.3419727224104118,0.25540069587516134
2,2026-01-14,base_plus_crowding,ridge_logistic_c01,0,0.4186977406155488,0.25372753298404316
2,2026-01-15,base_plus_crowding,ridge_logistic_c01,0,0.4856152315998863,0.2540884538767554
2,2026-01-16,base_plus_crowding,ridge_logistic_c01,0,0.5231634274538566,0.24988356288968153
2,2026-01-20,base_plus_crowding,ridge_logistic_c01,0,0.42855168601437255,0.2452755237541003
2,2026-01-21,base_plus_crowding,ridge_logistic_c01,0,0.534045649941894,0.2520773532753052
2,2026-01-22,base_plus_crowding,ridge_logistic_c01,0,0.4208914249412939,0.25597494995747583
2,2026-01-23,base_plus_crowding,ridge_logistic_c01,0,0.39901108269394714,0.2577530677561395
2,2026-01-26,base_plus_crowding,ridge_logistic_c01,0,0.3911729005574537,0.2569808532812371
2,2025-12-26,base_plus_crowding,tanh_mlp_16_8,442,0.5426450892857143,0.24905882461111267
2,2025-12-29,base_plus_crowding,tanh_mlp_16_8,442,0.5323249999999999,0.2410052269907058
2,2025-12-30,base_plus_crowding,tanh_mlp_16_8,442,0.5974981259370314,0.23947350142361265
2,2025-12-31,base_plus_crowding,tanh_mlp_16_8,442,0.5513210100983293,0.23627242830451933
2,2026-01-02,base_plus_crowding,tanh_mlp_16_8,442,0.5313095238095238,0.23754463546464516
2,2026-01-05,base_plus_crowding,tanh_mlp_16_8,442,0.5080568274108688,0.24621591869387913
2,2026-01-06,base_plus_crowding,tanh_mlp_16_8,442,0.5126359422356926,0.2526535972521137
2,2026-01-07,base_plus_crowding,tanh_mlp_16_8,442,0.4819373703074892,0.2516960731623292
2,2026-01-08,base_plus_crowding,tanh_mlp_16_8,442,0.4236793017280823,0.2594060630059379
2,2026-01-09,base_plus_crowding,tanh_mlp_16_8,442,0.4605028729232551,0.2560041117290039
2,2026-01-12,base_plus_crowding,tanh_mlp_16_8,442,0.4426114835324978,0.2613451185341696
2,2026-01-13,base_plus_crowding,tanh_mlp_16_8,442,0.3979876091995008,0.26043889320126645
2,2026-01-14,base_plus_crowding,tanh_mlp_16_8,442,0.4642857142857143,0.2564822874446857
2,2026-01-15,base_plus_crowding,tanh_mlp_16_8,442,0.47945439045183286,0.25647473099948653
2,2026-01-16,base_plus_crowding,tanh_mlp_16_8,442,0.5226744896711895,0.24941440791093422
2,2026-01-20,base_plus_crowding,tanh_mlp_16_8,442,0.44234634906276693,0.24623965422631594
2,2026-01-21,base_plus_crowding,tanh_mlp_16_8,442,0.49100201960939177,0.2557905554656103
2,2026-01-22,base_plus_crowding,tanh_mlp_16_8,442,0.3829905503057254,0.2652006974332926
2,2026-01-23,base_plus_crowding,tanh_mlp_16_8,442,0.3624552429667519,0.2686507623816604
2,2026-01-26,base_plus_crowding,tanh_mlp_16_8,442,0.43526344182700955,0.26096053880743914
2,2025-12-26,base_plus_crowding,tanh_mlp_16_8,2025,0.538125,0.24837487079178827
2,2025-12-29,base_plus_crowding,tanh_mlp_16_8,2025,0.5216875000000001,0.24139881412747766
2,2025-12-30,base_plus_crowding,tanh_mlp_16_8,2025,0.5652642428785607,0.24133553160499627
2,2025-12-31,base_plus_crowding,tanh_mlp_16_8,2025,0.507504080468159,0.24094824341721355
2,2026-01-02,base_plus_crowding,tanh_mlp_16_8,2025,0.5012698412698412,0.24062571304123448
2,2026-01-05,base_plus_crowding,tanh_mlp_16_8,2025,0.5162254734636708,0.24604567741041503
2,2026-01-06,base_plus_crowding,tanh_mlp_16_8,2025,0.5109979497236583,0.2521034738473694
2,2026-01-07,base_plus_crowding,tanh_mlp_16_8,2025,0.42990709300132046,0.255739439797515
2,2026-01-08,base_plus_crowding,tanh_mlp_16_8,2025,0.41204143643168034,0.26032220988563853
2,2026-01-09,base_plus_crowding,tanh_mlp_16_8,2025,0.4434212284530756,0.2580437075107657
2,2026-01-12,base_plus_crowding,tanh_mlp_16_8,2025,0.4441737102885456,0.2613912220065633
2,2026-01-13,base_plus_crowding,tanh_mlp_16_8,2025,0.43214031021572474,0.25876609644149556
2,2026-01-14,base_plus_crowding,tanh_mlp_16_8,2025,0.48756893791140365,0.25452737808161247
2,2026-01-15,base_plus_crowding,tanh_mlp_16_8,2025,0.5113952827507815,0.254565033240149
2,2026-01-16,base_plus_crowding,tanh_mlp_16_8,2025,0.5357091264682023,0.249485463696344
2,2026-01-20,base_plus_crowding,tanh_mlp_16_8,2025,0.47842856424945973,0.24431013605376237
2,2026-01-21,base_plus_crowding,tanh_mlp_16_8,2025,0.5241281267276686,0.25266283828522085
2,2026-01-22,base_plus_crowding,tanh_mlp_16_8,2025,0.41504917698040866,0.2624717933363151
2,2026-01-23,base_plus_crowding,tanh_mlp_16_8,2025,0.3889173060528559,0.26575173849993994
2,2026-01-26,base_plus_crowding,tanh_mlp_16_8,2025,0.4545045855062039,0.2591566636690969
2,2025-12-26,base_plus_crowding,tanh_mlp_16_8,9001,0.5636160714285714,0.24619490008659872
2,2025-12-29,base_plus_crowding,tanh_mlp_16_8,9001,0.5197250000000001,0.24264396733243696
2,2025-12-30,base_plus_crowding,tanh_mlp_16_8,9001,0.5615629685157422,0.24296060970092365
2,2025-12-31,base_plus_crowding,tanh_mlp_16_8,9001,0.5237861436590189,0.24141127164641413
2,2026-01-02,base_plus_crowding,tanh_mlp_16_8,9001,0.5281878306878307,0.2407908210158815
2,2026-01-05,base_plus_crowding,tanh_mlp_16_8,9001,0.4836568227027155,0.2496788207966232
2,2026-01-06,base_plus_crowding,tanh_mlp_16_8,9001,0.4711289891246211,0.2560551672003049
2,2026-01-07,base_plus_crowding,tanh_mlp_16_8,9001,0.41548764384078474,0.2560503218587304
2,2026-01-08,base_plus_crowding,tanh_mlp_16_8,9001,0.4072314316216755,0.26068314393474973
2,2026-01-09,base_plus_crowding,tanh_mlp_16_8,9001,0.4532760233397176,0.25640185343711275
2,2026-01-12,base_plus_crowding,tanh_mlp_16_8,9001,0.4424832410375984,0.2609816813227535
2,2026-01-13,base_plus_crowding,tanh_mlp_16_8,9001,0.4261343376715992,0.2579541684252577
2,2026-01-14,base_plus_crowding,tanh_mlp_16_8,9001,0.47262497776196405,0.254832092042038
2,2026-01-15,base_plus_crowding,tanh_mlp_16_8,9001,0.5108155726058539,0.25299311947074676
2,2026-01-16,base_plus_crowding,tanh_mlp_16_8,9001,0.5414208087475414,0.2481634308442502
2,2026-01-20,base_plus_crowding,tanh_mlp_16_8,9001,0.47327755163576063,0.24535886918900332
2,2026-01-21,base_plus_crowding,tanh_mlp_16_8,9001,0.5170651352235675,0.2523942473213647
2,2026-01-22,base_plus_crowding,tanh_mlp_16_8,9001,0.4170570952116255,0.2618029142569982
2,2026-01-23,base_plus_crowding,tanh_mlp_16_8,9001,0.4043080420574027,0.2638720772396378
2,2026-01-26,base_plus_crowding,tanh_mlp_16_8,9001,0.45231298327638914,0.25891626847859456
2,2025-12-26,base_plus_regime,elastic_logistic_c1_l25,0,0.5117075892857142,0.24870782688582266
2,2025-12-29,base_plus_regime,elastic_logistic_c1_l25,0,0.519325,0.2430838764581427
2,2025-12-30,base_plus_regime,elastic_logistic_c1_l25,0,0.6012228260869565,0.24252852958547388
2,2025-12-31,base_plus_regime,elastic_logistic_c1_l25,0,0.485821202510649,0.24182215851848138
2,2026-01-02,base_plus_regime,elastic_logistic_c1_l25,0,0.5278439153439154,0.2414210809932742
2,2026-01-05,base_plus_regime,elastic_logistic_c1_l25,0,0.5094692734142351,0.2457653369088247
2,2026-01-06,base_plus_regime,elastic_logistic_c1_l25,0,0.4812020859333215,0.2504224261358176
2,2026-01-07,base_plus_regime,elastic_logistic_c1_l25,0,0.4467435389549142,0.24806558159167225
2,2026-01-08,base_plus_regime,elastic_logistic_c1_l25,0,0.4322082614765541,0.24901849746625285
2,2026-01-09,base_plus_regime,elastic_logistic_c1_l25,0,0.47447775154781524,0.250874014996182
2,2026-01-12,base_plus_regime,elastic_logistic_c1_l25,0,0.4501078402798019,0.2570937697983353
2,2026-01-13,base_plus_regime,elastic_logistic_c1_l25,0,0.34463585309324296,0.2554009782183831
2,2026-01-14,base_plus_regime,elastic_logistic_c1_l25,0,0.4181973848069739,0.2539186004669534
2,2026-01-15,base_plus_regime,elastic_logistic_c1_l25,0,0.48347826086956525,0.2542367247785816
2,2026-01-16,base_plus_regime,elastic_logistic_c1_l25,0,0.5110955539998444,0.2502706056804455
2,2026-01-20,base_plus_regime,elastic_logistic_c1_l25,0,0.4206618423036333,0.2456732127919208
2,2026-01-21,base_plus_regime,elastic_logistic_c1_l25,0,0.5320034750820819,0.2522519139374419
2,2026-01-22,base_plus_regime,elastic_logistic_c1_l25,0,0.40998967680457393,0.25635918608095337
2,2026-01-23,base_plus_regime,elastic_logistic_c1_l25,0,0.3927934072179597,0.25796177411561444
2,2026-01-26,base_plus_regime,elastic_logistic_c1_l25,0,0.3828672900557454,0.2572366479500308
2,2025-12-26,base_plus_regime,ridge_logistic_c01,0,0.5118303571428572,0.2487048518360585
2,2025-12-29,base_plus_regime,ridge_logistic_c01,0,0.5191250000000001,0.24307326057743153
2,2025-12-30,base_plus_regime,ridge_logistic_c01,0,0.6010588455772115,0.24252607098298493
2,2025-12-31,base_plus_regime,ridge_logistic_c01,0,0.4853700287954989,0.2418167407408339
2,2026-01-02,base_plus_regime,ridge_logistic_c01,0,0.5280026455026455,0.2414146404801511
2,2026-01-05,base_plus_regime,ridge_logistic_c01,0,0.5093986511140667,0.24575770812244108
2,2026-01-06,base_plus_regime,ridge_logistic_c01,0,0.48112408628989123,0.2504267129275828
2,2026-01-07,base_plus_regime,ridge_logistic_c01,0,0.44683786078098475,0.24806524448920306
2,2026-01-08,base_plus_regime,ridge_logistic_c01,0,0.4323255786670421,0.2490125740198452
2,2026-01-09,base_plus_regime,ridge_logistic_c01,0,0.47447775154781524,0.2508742157864653
2,2026-01-12,base_plus_regime,ridge_logistic_c01,0,0.4499795977849023,0.25709791225940426
2,2026-01-13,base_plus_regime,ridge_logistic_c01,0,0.34470270993046886,0.2553902047559462
2,2026-01-14,base_plus_regime,ridge_logistic_c01,0,0.41801948051948046,0.2539126590876429
2,2026-01-15,base_plus_regime,ridge_logistic_c01,0,0.4838874680306905,0.25423797873959425
2,2026-01-16,base_plus_regime,ridge_logistic_c01,0,0.5109288706648443,0.25027857757351785
2,2026-01-20,base_plus_regime,ridge_logistic_c01,0,0.4205613347404392,0.24567124992495418
2,2026-01-21,base_plus_regime,ridge_logistic_c01,0,0.5323983707732058,0.25225308625909143
2,2026-01-22,base_plus_regime,ridge_logistic_c01,0,0.4101031185125523,0.2563608715889325
2,2026-01-23,base_plus_regime,ridge_logistic_c01,0,0.3927365728900256,0.257963775437529
2,2026-01-26,base_plus_regime,ridge_logistic_c01,0,0.38259755439669124,0.25724330562655995
2,2025-12-26,base_plus_regime,tanh_mlp_16_8,442,0.525,0.24998489937023233
2,2025-12-29,base_plus_regime,tanh_mlp_16_8,442,0.540675,0.24283089103342395
2,2025-12-30,base_plus_regime,tanh_mlp_16_8,442,0.6173046289355322,0.2381890446187313
2,2025-12-31,base_plus_regime,tanh_mlp_16_8,442,0.5424567735771441,0.23881550581084052
2,2026-01-02,base_plus_regime,tanh_mlp_16_8,442,0.5228703703703703,0.24035648437929694
2,2026-01-05,base_plus_regime,tanh_mlp_16_8,442,0.5004884709094976,0.2483534687916861
2,2026-01-06,base_plus_regime,tanh_mlp_16_8,442,0.5014374220003566,0.2533429419189034
2,2026-01-07,base_plus_regime,tanh_mlp_16_8,442,0.44444444444444436,0.2556072209958767
2,2026-01-08,base_plus_regime,tanh_mlp_16_8,442,0.4270697685331831,0.26096721066436307
2,2026-01-09,base_plus_regime,tanh_mlp_16_8,442,0.4831076566745357,0.2558890459599436
2,2026-01-12,base_plus_regime,tanh_mlp_16_8,442,0.4598775867094142,0.2604065765353919
2,2026-01-13,base_plus_regime,tanh_mlp_16_8,442,0.3894076484221787,0.26344652370879335
2,2026-01-14,base_plus_regime,tanh_mlp_16_8,442,0.4511986301369863,0.25737010736634414
2,2026-01-15,base_plus_regime,tanh_mlp_16_8,442,0.47997726626882636,0.2574342499747654
2,2026-01-16,base_plus_regime,tanh_mlp_16_8,442,0.5187852118545188,0.2508718828958699
2,2026-01-20,base_plus_regime,tanh_mlp_16_8,442,0.4456128448665762,0.2487874773539416
2,2026-01-21,base_plus_regime,tanh_mlp_16_8,442,0.4938339858514515,0.25500112960165205
2,2026-01-22,base_plus_regime,tanh_mlp_16_8,442,0.3931095506573947,0.26466575576352597
2,2026-01-23,base_plus_regime,tanh_mlp_16_8,442,0.36973003694231316,0.26914132000684127
2,2026-01-26,base_plus_regime,tanh_mlp_16_8,442,0.41932655997122814,0.2631723164072382
2,2025-12-26,base_plus_regime,tanh_mlp_16_8,2025,0.5381919642857144,0.24787258380449145
2,2025-12-29,base_plus_regime,tanh_mlp_16_8,2025,0.49728749999999994,0.2446777703237269
2,2025-12-30,base_plus_regime,tanh_mlp_16_8,2025,0.5462659295352323,0.24373815723155867
2,2025-12-31,base_plus_regime,tanh_mlp_16_8,2025,0.48497193434095465,0.24532348359706788
2,2026-01-02,base_plus_regime,tanh_mlp_16_8,2025,0.5385185185185185,0.24182611538881701
2,2026-01-05,base_plus_regime,tanh_mlp_16_8,2025,0.5014418719617698,0.24843435194273056
2,2026-01-06,base_plus_regime,tanh_mlp_16_8,2025,0.481647798181494,0.254325999859955
2,2026-01-07,base_plus_regime,tanh_mlp_16_8,2025,0.40164591586493115,0.2585053887186371
2,2026-01-08,base_plus_regime,tanh_mlp_16_8,2025,0.411044240312533,0.2609759403414317
2,2026-01-09,base_plus_regime,tanh_mlp_16_8,2025,0.4430426261636453,0.2581837408686954
2,2026-01-12,base_plus_regime,tanh_mlp_16_8,2025,0.4311279510346838,0.26072537951041286
2,2026-01-13,base_plus_regime,tanh_mlp_16_8,2025,0.4185460866464611,0.25930970398369185
2,2026-01-14,base_plus_regime,tanh_mlp_16_8,2025,0.4669876356520192,0.2545118454374204
2,2026-01-15,base_plus_regime,tanh_mlp_16_8,2025,0.4980392156862745,0.2537659307629361
2,2026-01-16,base_plus_regime,tanh_mlp_16_8,2025,0.5189963440788523,0.25119067477565965
2,2026-01-20,base_plus_regime,tanh_mlp_16_8,2025,0.47102869490929195,0.24851283825429865
2,2026-01-21,base_plus_regime,tanh_mlp_16_8,2025,0.5395967550856924,0.24945718803438355
2,2026-01-22,base_plus_regime,tanh_mlp_16_8,2025,0.4398929110276684,0.25920233608903614
2,2026-01-23,base_plus_regime,tanh_mlp_16_8,2025,0.4052969593634555,0.2638390735969226
2,2026-01-26,base_plus_regime,tanh_mlp_16_8,2025,0.4463675597914044,0.2597769368162316
2,2025-12-26,base_plus_regime,tanh_mlp_16_8,9001,0.5341071428571428,0.2485997792407891
2,2025-12-29,base_plus_regime,tanh_mlp_16_8,9001,0.5213375,0.2406923688819119
2,2025-12-30,base_plus_regime,tanh_mlp_16_8,9001,0.5581076649175412,0.241442444797348
2,2025-12-31,base_plus_regime,tanh_mlp_16_8,9001,0.5236667153226555,0.23795378650979454
2,2026-01-02,base_plus_regime,tanh_mlp_16_8,9001,0.5258862433862433,0.2380150959952407
2,2026-01-05,base_plus_regime,tanh_mlp_16_8,9001,0.4981814757706658,0.2466315547757665
2,2026-01-06,base_plus_regime,tanh_mlp_16_8,9001,0.48012123373150295,0.25498159195768344
2,2026-01-07,base_plus_regime,tanh_mlp_16_8,9001,0.44291171477079794,0.25220518298769873
2,2026-01-08,base_plus_regime,tanh_mlp_16_8,9001,0.4080995788312862,0.25883440759334725
2,2026-01-09,base_plus_regime,tanh_mlp_16_8,9001,0.4628969756358292,0.25607626868514727
2,2026-01-12,base_plus_regime,tanh_mlp_16_8,9001,0.4359778490236083,0.26388050582009387
2,2026-01-13,base_plus_regime,tanh_mlp_16_8,9001,0.4141223925833482,0.25917549037786547
2,2026-01-14,base_plus_regime,tanh_mlp_16_8,9001,0.4719689557018324,0.25501018871711983
2,2026-01-15,base_plus_regime,tanh_mlp_16_8,9001,0.5006876953680023,0.25555411634448677
2,2026-01-16,base_plus_regime,tanh_mlp_16_8,9001,0.5421764398662088,0.24840412938649228
2,2026-01-20,base_plus_regime,tanh_mlp_16_8,9001,0.4638675310317102,0.24464886143115544
2,2026-01-21,base_plus_regime,tanh_mlp_16_8,9001,0.5019124234184428,0.2557731872182099
2,2026-01-22,base_plus_regime,tanh_mlp_16_8,9001,0.42008598881464765,0.2641527191253126
2,2026-01-23,base_plus_regime,tanh_mlp_16_8,9001,0.3780733162830349,0.26972960917206523
2,2026-01-26,base_plus_regime,tanh_mlp_16_8,9001,0.43491503326739794,0.2632546969776334
2,2025-12-26,graph_survivors,elastic_logistic_c1_l25,0,0.5143861607142858,0.2486940672482041
2,2025-12-29,graph_survivors,elastic_logistic_c1_l25,0,0.5214,0.24298055691734083
2,2025-12-30,graph_survivors,elastic_logistic_c1_l25,0,0.6035302661169415,0.2423729429302009
2,2025-12-31,graph_survivors,elastic_logistic_c1_l25,0,0.4846003795167133,0.24189436906420766
2,2026-01-02,graph_survivors,elastic_logistic_c1_l25,0,0.5239417989417989,0.24154267924290895
2,2026-01-05,graph_survivors,elastic_logistic_c1_l25,0,0.5077390270601113,0.24578809860331538
2,2026-01-06,graph_survivors,elastic_logistic_c1_l25,0,0.484444642538777,0.25029442599547336
2,2026-01-07,graph_survivors,elastic_logistic_c1_l25,0,0.4473212601395963,0.24789498566273518
2,2026-01-08,graph_survivors,elastic_logistic_c1_l25,0,0.4348830934196788,0.24867318705646657
2,2026-01-09,graph_survivors,elastic_logistic_c1_l25,0,0.47561355841610614,0.2507526527911027
2,2026-01-12,graph_survivors,elastic_logistic_c1_l25,0,0.45000291460215674,0.2572387498393188
2,2026-01-13,graph_survivors,elastic_logistic_c1_l25,0,0.3392984489213764,0.2555688677856475
2,2026-01-14,graph_survivors,elastic_logistic_c1_l25,0,0.42283401529976866,0.25372091130678515
2,2026-01-15,graph_survivors,elastic_logistic_c1_l25,0,0.49526570048309176,0.2539670019206872
2,2026-01-16,graph_survivors,elastic_logistic_c1_l25,0,0.5195630674178529,0.24997878935307363
2,2026-01-20,graph_survivors,elastic_logistic_c1_l25,0,0.42312427760188953,0.2454777667021048
2,2026-01-21,graph_survivors,elastic_logistic_c1_l25,0,0.5349257031963985,0.2520934088774572
2,2026-01-22,graph_survivors,elastic_logistic_c1_l25,0,0.415366813762748,0.2562347188482728
2,2026-01-23,graph_survivors,elastic_logistic_c1_l25,0,0.3833702756464905,0.25831669627414666
2,2026-01-26,graph_survivors,elastic_logistic_c1_l25,0,0.37225768746628307,0.2575804771874474
2,2025-12-26,graph_survivors,ridge_logistic_c01,0,0.515390625,0.24867907677048967
2,2025-12-29,graph_survivors,ridge_logistic_c01,0,0.5217875000000001,0.24296814876413161
2,2025-12-30,graph_survivors,ridge_logistic_c01,0,0.6030734632683659,0.24237841459122242
2,2025-12-31,graph_survivors,ridge_logistic_c01,0,0.4844942209955015,0.2418985316765898
2,2026-01-02,graph_survivors,ridge_logistic_c01,0,0.5233597883597884,0.24154829794113597
2,2026-01-05,graph_survivors,ridge_logistic_c01,0,0.5072211301922103,0.24579127272140563
2,2026-01-06,graph_survivors,ridge_logistic_c01,0,0.4842106436084864,0.2503010601744653
2,2026-01-07,graph_survivors,ridge_logistic_c01,0,0.4465431050745142,0.24790049440248396
2,2026-01-08,graph_survivors,ridge_logistic_c01,0,0.4346367273196542,0.248662467343951
2,2026-01-09,graph_survivors,ridge_logistic_c01,0,0.4752349561266758,0.250759169108595
2,2026-01-12,graph_survivors,ridge_logistic_c01,0,0.4499329641503935,0.2572405332933787
2,2026-01-13,graph_survivors,ridge_logistic_c01,0,0.3397218755571403,0.2555539936801689
2,2026-01-14,graph_survivors,ridge_logistic_c01,0,0.4229007294075787,0.253703066366853
2,2026-01-15,graph_survivors,ridge_logistic_c01,0,0.49612958226768966,0.25394614968271473
2,2026-01-16,graph_survivors,ridge_logistic_c01,0,0.5197741996421864,0.2499876925912523
2,2026-01-20,graph_survivors,ridge_logistic_c01,0,0.42272224734911307,0.24548897398118938
2,2026-01-21,graph_survivors,ridge_logistic_c01,0,0.5352077715472012,0.25208472350598005
2,2026-01-22,graph_survivors,ridge_logistic_c01,0,0.4148336377352497,0.2562293236821195
2,2026-01-23,graph_survivors,ridge_logistic_c01,0,0.3828246660983234,0.2583199250475944
2,2026-01-26,graph_survivors,ridge_logistic_c01,0,0.37176317209135046,0.2575961865128886
2,2025-12-26,graph_survivors,tanh_mlp_16_8,442,0.5405915178571429,0.24852840191924816
2,2025-12-29,graph_survivors,tanh_mlp_16_8,442,0.5327500000000001,0.240801626243167
2,2025-12-30,graph_survivors,tanh_mlp_16_8,442,0.5875070277361318,0.23986850557374528
2,2025-12-31,graph_survivors,tanh_mlp_16_8,442,0.5250998553590148,0.2407068842073468
2,2026-01-02,graph_survivors,tanh_mlp_16_8,442,0.4979365079365079,0.24239040431582518
2,2026-01-05,graph_survivors,tanh_mlp_16_8,442,0.5199566849892301,0.2457500252619806
2,2026-01-06,graph_survivors,tanh_mlp_16_8,442,0.5046354073809949,0.25115875003101945
2,2026-01-07,graph_survivors,tanh_mlp_16_8,442,0.4332908885116016,0.25402407459945975
2,2026-01-08,graph_survivors,tanh_mlp_16_8,442,0.41971398068959037,0.25725186264415423
2,2026-01-09,graph_survivors,tanh_mlp_16_8,442,0.47841966950247206,0.2542138582993179
2,2026-01-12,graph_survivors,tanh_mlp_16_8,442,0.45669484115418246,0.2616055159269583
2,2026-01-13,graph_survivors,tanh_mlp_16_8,442,0.4214877874844001,0.258934223837155
2,2026-01-14,graph_survivors,tanh_mlp_16_8,442,0.48212061910692044,0.2552054214414472
2,2026-01-15,graph_survivors,tanh_mlp_16_8,442,0.511974992895709,0.2547521677076195
2,2026-01-16,graph_survivors,tanh_mlp_16_8,442,0.5040059561511706,0.2513983758084556
2,2026-01-20,graph_survivors,tanh_mlp_16_8,442,0.4634655007789336,0.24547750112552622
2,2026-01-21,graph_survivors,tanh_mlp_16_8,442,0.5199535151357877,0.2534364644750314
2,2026-01-22,graph_survivors,tanh_mlp_16_8,442,0.41450465678211257,0.26471231758826047
2,2026-01-23,graph_survivors,tanh_mlp_16_8,442,0.38776925262858764,0.26828668927170524
2,2026-01-26,graph_survivors,tanh_mlp_16_8,442,0.43159953245819094,0.2638547240220308
2,2025-12-26,graph_survivors,tanh_mlp_16_8,2025,0.5479910714285714,0.24846742731426852
2,2025-12-29,graph_survivors,tanh_mlp_16_8,2025,0.5303125000000001,0.24569531899614294
2,2025-12-30,graph_survivors,tanh_mlp_16_8,2025,0.5674194152923538,0.24419677156749164
2,2025-12-31,graph_survivors,tanh_mlp_16_8,2025,0.5157711753075279,0.24491598319214053
2,2026-01-02,graph_survivors,tanh_mlp_16_8,2025,0.5191534391534391,0.24445462417845676
2,2026-01-05,graph_survivors,tanh_mlp_16_8,2025,0.5138713967913935,0.2496569420183072
2,2026-01-06,graph_survivors,tanh_mlp_16_8,2025,0.5175164913531825,0.2522972422484662
2,2026-01-07,graph_survivors,tanh_mlp_16_8,2025,0.4576141294095454,0.25529352429718066
2,2026-01-08,graph_survivors,tanh_mlp_16_8,2025,0.42729267119511016,0.26104633438126984
2,2026-01-09,graph_survivors,tanh_mlp_16_8,2025,0.479889537214378,0.2562174863857419
2,2026-01-12,graph_survivors,tanh_mlp_16_8,2025,0.4715593121538911,0.25783970522499894
2,2026-01-13,graph_survivors,tanh_mlp_16_8,2025,0.4017650205027634,0.2609036344562002
2,2026-01-14,graph_survivors,tanh_mlp_16_8,2025,0.4713796477495108,0.2563101454498285
2,2026-01-15,graph_survivors,tanh_mlp_16_8,2025,0.5234555271383916,0.253055361168978
2,2026-01-16,graph_survivors,tanh_mlp_16_8,2025,0.5330755297751998,0.24930014018548946
2,2026-01-20,graph_survivors,tanh_mlp_16_8,2025,0.4608020503542891,0.2487188616322768
2,2026-01-21,graph_survivors,tanh_mlp_16_8,2025,0.5382992406719996,0.25091978531079084
2,2026-01-22,graph_survivors,tanh_mlp_16_8,2025,0.4320767773479597,0.2601739084801012
2,2026-01-23,graph_survivors,tanh_mlp_16_8,2025,0.39938618925831204,0.2649574738277042
2,2026-01-26,graph_survivors,tanh_mlp_16_8,2025,0.42704774321165256,0.2613576227952465
2,2025-12-26,graph_survivors,tanh_mlp_16_8,9001,0.5360602678571429,0.24940826587919002
2,2025-12-29,graph_survivors,tanh_mlp_16_8,9001,0.51895,0.24537306783345184
2,2025-12-30,graph_survivors,tanh_mlp_16_8,9001,0.5777150487256371,0.24273869212227628
2,2025-12-31,graph_survivors,tanh_mlp_16_8,9001,0.5202563728287265,0.2433481860579413
2,2026-01-02,graph_survivors,tanh_mlp_16_8,9001,0.5491666666666667,0.24239160400081314
2,2026-01-05,graph_survivors,tanh_mlp_16_8,9001,0.5008062712602549,0.24989347323565586
2,2026-01-06,graph_survivors,tanh_mlp_16_8,9001,0.46978070957389917,0.2572084823392615
2,2026-01-07,graph_survivors,tanh_mlp_16_8,9001,0.4322061875117903,0.25797197389164983
2,2026-01-08,graph_survivors,tanh_mlp_16_8,9001,0.4175670761036615,0.2621361537576606
2,2026-01-09,graph_survivors,tanh_mlp_16_8,9001,0.46532448443276464,0.2575737802441781
2,2026-01-12,graph_survivors,tanh_mlp_16_8,9001,0.4483590789857185,0.2607783579476019
2,2026-01-13,graph_survivors,tanh_mlp_16_8,9001,0.4011410233553218,0.2616040479192291
2,2026-01-14,graph_survivors,tanh_mlp_16_8,9001,0.45942670343355274,0.2564025594848673
2,2026-01-15,graph_survivors,tanh_mlp_16_8,9001,0.5067235009946007,0.2535949234132939
2,2026-01-16,graph_survivors,tanh_mlp_16_8,9001,0.5295085064061962,0.25039628857006035
2,2026-01-20,graph_survivors,tanh_mlp_16_8,9001,0.4686039499472335,0.24892626873459672
2,2026-01-21,graph_survivors,tanh_mlp_16_8,9001,0.5274001195969806,0.2513980415972397
2,2026-01-22,graph_survivors,tanh_mlp_16_8,9001,0.43724971923177275,0.2613722963002945
2,2026-01-23,graph_survivors,tanh_mlp_16_8,9001,0.37899403239556695,0.26818443788674223
2,2026-01-26,graph_survivors,tanh_mlp_16_8,9001,0.4198435533177486,0.26442062310071424
3,2026-01-27,base_only,elastic_logistic_c1_l25,0,0.3508641040488174,0.2565285670396395
3,2026-01-28,base_only,elastic_logistic_c1_l25,0,0.33325925843620485,0.25627297907618357
3,2026-01-29,base_only,elastic_logistic_c1_l25,0,0.265494014509596,0.2622506557520442
3,2026-01-30,base_only,elastic_logistic_c1_l25,0,0.31272774596564296,0.2520182665909245
3,2026-02-02,base_only,elastic_logistic_c1_l25,0,0.3233562960398285,0.2509640961416738
3,2026-02-03,base_only,elastic_logistic_c1_l25,0,0.3448587541851791,0.2465810725773966
3,2026-02-04,base_only,elastic_logistic_c1_l25,0,0.3826556991774383,0.2499330861597045
3,2026-02-05,base_only,elastic_logistic_c1_l25,0,0.45615817532163605,0.24884736087309528
3,2026-02-06,base_only,elastic_logistic_c1_l25,0,0.43386496248958045,0.25467364853721414
3,2026-02-09,base_only,elastic_logistic_c1_l25,0,0.3999371908612703,0.2581312181321577
3,2026-02-10,base_only,elastic_logistic_c1_l25,0,0.4495576991465149,0.253073804544479
3,2026-02-11,base_only,elastic_logistic_c1_l25,0,0.5153521300310291,0.25233159062761584
3,2026-02-12,base_only,elastic_logistic_c1_l25,0,0.5046466503267973,0.24143409808217087
3,2026-02-13,base_only,elastic_logistic_c1_l25,0,0.45312012132566126,0.2545683630157571
3,2026-02-17,base_only,elastic_logistic_c1_l25,0,0.4389060382043717,0.24907357778566894
3,2026-02-18,base_only,elastic_logistic_c1_l25,0,0.4698946479374111,0.2521906266316457
3,2026-02-19,base_only,elastic_logistic_c1_l25,0,0.47010575793184484,0.24571076859555896
3,2026-02-20,base_only,elastic_logistic_c1_l25,0,0.46216840326668546,0.2496134030658634
3,2026-02-23,base_only,elastic_logistic_c1_l25,0,0.5170001523538673,0.23980882826732247
3,2026-02-24,base_only,elastic_logistic_c1_l25,0,0.5922309248522248,0.25054805546164177
3,2026-01-27,base_only,ridge_logistic_c01,0,0.3505523139281101,0.2565117299504783
3,2026-01-28,base_only,ridge_logistic_c01,0,0.33321481349792775,0.25624791746759823
3,2026-01-29,base_only,ridge_logistic_c01,0,0.26574223465830243,0.26220786998321916
3,2026-01-30,base_only,ridge_logistic_c01,0,0.312869717476693,0.2519926843076539
3,2026-02-02,base_only,ridge_logistic_c01,0,0.3231652717916881,0.2509384722262324
3,2026-02-03,base_only,ridge_logistic_c01,0,0.3447187177757126,0.24656222118238635
3,2026-02-04,base_only,ridge_logistic_c01,0,0.3827497062279671,0.24991080732016333
3,2026-02-05,base_only,ridge_logistic_c01,0,0.45630657884222425,0.24884328836871872
3,2026-02-06,base_only,ridge_logistic_c01,0,0.433375937760489,0.2546808794068619
3,2026-02-09,base_only,ridge_logistic_c01,0,0.39899505378032507,0.2581398913808196
3,2026-02-10,base_only,ridge_logistic_c01,0,0.44923541963015645,0.2530838207086984
3,2026-02-11,base_only,ridge_logistic_c01,0,0.5154529466456073,0.2523415421592653
3,2026-02-12,base_only,ridge_logistic_c01,0,0.5041232638888888,0.24144330047056684
3,2026-02-13,base_only,ridge_logistic_c01,0,0.45271867612293143,0.2545802372674232
3,2026-02-17,base_only,ridge_logistic_c01,0,0.4387123964871114,0.2490713713681535
3,2026-02-18,base_only,ridge_logistic_c01,0,0.46978351706970123,0.2521836619478962
3,2026-02-19,base_only,ridge_logistic_c01,0,0.47012925969447705,0.24570894855863273
3,2026-02-20,base_only,ridge_logistic_c01,0,0.46248380737820327,0.24959900276296787
3,2026-02-23,base_only,ridge_logistic_c01,0,0.5173175562439694,0.23980360886755728
3,2026-02-24,base_only,ridge_logistic_c01,0,0.5924908735406141,0.2505517690994558
3,2026-01-27,base_only,tanh_mlp_16_8,442,0.3633357088771102,0.26592205646503675
3,2026-01-28,base_only,tanh_mlp_16_8,442,0.3407704530050334,0.2650392054409734
3,2026-01-29,base_only,tanh_mlp_16_8,442,0.2824970946959867,0.27402833211904665
3,2026-01-30,base_only,tanh_mlp_16_8,442,0.3024821352515262,0.26683527336629964
3,2026-02-02,base_only,tanh_mlp_16_8,442,0.31804343413842096,0.26484312689858164
3,2026-02-03,base_only,tanh_mlp_16_8,442,0.32856360835635445,0.2628804705259163
3,2026-02-04,base_only,tanh_mlp_16_8,442,0.3844888366627497,0.2623516275593431
3,2026-02-05,base_only,tanh_mlp_16_8,442,0.41082660760967593,0.25994511961132505
3,2026-02-06,base_only,tanh_mlp_16_8,442,0.40434565156988056,0.26279549303186245
3,2026-02-09,base_only,tanh_mlp_16_8,442,0.3936338451530412,0.2647006262990232
3,2026-02-10,base_only,tanh_mlp_16_8,442,0.45255823257468,0.25769004436623744
3,2026-02-11,base_only,tanh_mlp_16_8,442,0.4966562489498269,0.25344853552426444
3,2026-02-12,base_only,tanh_mlp_16_8,442,0.5356541053921569,0.24616306257147605
3,2026-02-13,base_only,tanh_mlp_16_8,442,0.414904768276908,0.260777379951091
3,2026-02-17,base_only,tanh_mlp_16_8,442,0.41953047578909,0.25756237774791446
3,2026-02-18,base_only,tanh_mlp_16_8,442,0.4273092994310099,0.25833856883277967
3,2026-02-19,base_only,tanh_mlp_16_8,442,0.47257344300822557,0.24979181060071198
3,2026-02-20,base_only,tanh_mlp_16_8,442,0.4448099127006477,0.2547638208091659
3,2026-02-23,base_only,tanh_mlp_16_8,442,0.5220024376618759,0.2432702011579884
3,2026-02-24,base_only,tanh_mlp_16_8,442,0.566688140688751,0.24805926005533935
3,2026-01-27,base_only,tanh_mlp_16_8,2025,0.403434145472362,0.2628507470932224
3,2026-01-28,base_only,tanh_mlp_16_8,2025,0.4363381815353504,0.2582987050160236
3,2026-01-29,base_only,tanh_mlp_16_8,2025,0.36769301937245435,0.26872299042459413
3,2026-01-30,base_only,tanh_mlp_16_8,2025,0.3387558563248308,0.26461647205354544
3,2026-02-02,base_only,tanh_mlp_16_8,2025,0.353335163982378,0.2630809682818376
3,2026-02-03,base_only,tanh_mlp_16_8,2025,0.3310078802306782,0.26390061139540877
3,2026-02-04,base_only,tanh_mlp_16_8,2025,0.3490716803760282,0.2670422107812283
3,2026-02-05,base_only,tanh_mlp_16_8,2025,0.3879382184728136,0.26337250224862374
3,2026-02-06,base_only,tanh_mlp_16_8,2025,0.4279966657404835,0.2629289894038207
3,2026-02-09,base_only,tanh_mlp_16_8,2025,0.4158077143081461,0.2653512577573663
3,2026-02-10,base_only,tanh_mlp_16_8,2025,0.47596239331436696,0.25745996784072067
3,2026-02-11,base_only,tanh_mlp_16_8,2025,0.5048672021149085,0.25326829218909513
3,2026-02-12,base_only,tanh_mlp_16_8,2025,0.5612872753267973,0.24158435061138775
3,2026-02-13,base_only,tanh_mlp_16_8,2025,0.43353851643695074,0.2620636537815359
3,2026-02-17,base_only,tanh_mlp_16_8,2025,0.4184711416887836,0.2587057655831262
3,2026-02-18,base_only,tanh_mlp_16_8,2025,0.43633312588904694,0.2593963977095774
3,2026-02-19,base_only,tanh_mlp_16_8,2025,0.47441833137485323,0.2500069096861031
3,2026-02-20,base_only,tanh_mlp_16_8,2025,0.4843818642635877,0.2523064201023794
3,2026-02-23,base_only,tanh_mlp_16_8,2025,0.5524097303336549,0.2394058635159054
3,2026-02-24,base_only,tanh_mlp_16_8,2025,0.6163496422880006,0.2448650443760605
3,2026-01-27,base_only,tanh_mlp_16_8,9001,0.39051712618591594,0.26344865518554306
3,2026-01-28,base_only,tanh_mlp_16_8,9001,0.42353803931154793,0.2584529607974936
3,2026-01-29,base_only,tanh_mlp_16_8,9001,0.35501122632036197,0.2664656024614311
3,2026-01-30,base_only,tanh_mlp_16_8,9001,0.35557948038426956,0.262301625218673
3,2026-02-02,base_only,tanh_mlp_16_8,9001,0.38940292983440583,0.259336281241467
3,2026-02-03,base_only,tanh_mlp_16_8,9001,0.3741263637636695,0.26084988319881663
3,2026-02-04,base_only,tanh_mlp_16_8,9001,0.3882608695652174,0.26177450356126136
3,2026-02-05,base_only,tanh_mlp_16_8,9001,0.41116907727257157,0.25877170960684537
3,2026-02-06,base_only,tanh_mlp_16_8,9001,0.43747707696582383,0.25869073664697956
3,2026-02-09,base_only,tanh_mlp_16_8,9001,0.43710674188808757,0.25953066590927426
3,2026-02-10,base_only,tanh_mlp_16_8,9001,0.4784961770981508,0.2550096952983494
3,2026-02-11,base_only,tanh_mlp_16_8,9001,0.4943486686605953,0.2520859532367698
3,2026-02-12,base_only,tanh_mlp_16_8,9001,0.5477430555555556,0.2488066425609532
3,2026-02-13,base_only,tanh_mlp_16_8,9001,0.4424372184307953,0.2583096190223381
3,2026-02-17,base_only,tanh_mlp_16_8,9001,0.44356483010786985,0.25692199657631865
3,2026-02-18,base_only,tanh_mlp_16_8,9001,0.4591482930298719,0.2561003274149216
3,2026-02-19,base_only,tanh_mlp_16_8,9001,0.48797884841363104,0.25114939124957253
3,2026-02-20,base_only,tanh_mlp_16_8,9001,0.48644325542100814,0.25285063410181835
3,2026-02-23,base_only,tanh_mlp_16_8,9001,0.5445635061703316,0.24534911519137162
3,2026-02-24,base_only,tanh_mlp_16_8,9001,0.5587653567513194,0.24862756498143207
3,2026-01-27,base_plus_crowding,elastic_logistic_c1_l25,0,0.349427642421273,0.2565528261521264
3,2026-01-28,base_plus_crowding,elastic_logistic_c1_l25,0,0.3280036444849387,0.25647878099479693
3,2026-01-29,base_plus_crowding,elastic_logistic_c1_l25,0,0.25869052588823327,0.26257090340144534
3,2026-01-30,base_plus_crowding,elastic_logistic_c1_l25,0,0.3140054895650939,0.25209772927065044
3,2026-02-02,base_plus_crowding,elastic_logistic_c1_l25,0,0.3266872813667785,0.2508254477641312
3,2026-02-03,base_plus_crowding,elastic_logistic_c1_l25,0,0.34558439739786895,0.24654365200675044
3,2026-02-04,base_plus_crowding,elastic_logistic_c1_l25,0,0.3903525264394829,0.24980457945192663
3,2026-02-05,base_plus_crowding,elastic_logistic_c1_l25,0,0.4617175995159762,0.2487901792099396
3,2026-02-06,base_plus_crowding,elastic_logistic_c1_l25,0,0.43023061961656023,0.2548948015818301
3,2026-02-09,base_plus_crowding,elastic_logistic_c1_l25,0,0.3985015534045918,0.25828432516871175
3,2026-02-10,base_plus_crowding,elastic_logistic_c1_l25,0,0.45203591749644384,0.25287828357892694
3,2026-02-11,base_plus_crowding,elastic_logistic_c1_l25,0,0.5215355490584848,0.25206905883130487
3,2026-02-12,base_plus_crowding,elastic_logistic_c1_l25,0,0.5078763276143791,0.24145159425064094
3,2026-02-13,base_plus_crowding,elastic_logistic_c1_l25,0,0.4534100539720773,0.2545436989648542
3,2026-02-17,base_plus_crowding,elastic_logistic_c1_l25,0,0.437482202048046,0.24917518184515056
3,2026-02-18,base_plus_crowding,elastic_logistic_c1_l25,0,0.4689278093883358,0.2521538011606202
3,2026-02-19,base_plus_crowding,elastic_logistic_c1_l25,0,0.461433607520564,0.2459003797063238
3,2026-02-20,base_plus_crowding,elastic_logistic_c1_l25,0,0.45952126161644613,0.24966920474559864
3,2026-02-23,base_plus_crowding,elastic_logistic_c1_l25,0,0.5138515057640547,0.23983641585462553
3,2026-02-24,base_plus_crowding,elastic_logistic_c1_l25,0,0.5875744526949898,0.25063306910967903
3,2026-01-27,base_plus_crowding,ridge_logistic_c01,0,0.3494165070598192,0.2565510721354151
3,2026-01-28,base_plus_crowding,ridge_logistic_c01,0,0.3280814231269236,0.2564729558750582
3,2026-01-29,base_plus_crowding,ridge_logistic_c01,0,0.25856641581388,0.26255682905395145
3,2026-01-30,base_plus_crowding,ridge_logistic_c01,0,0.3139226728503147,0.25209137408052845
3,2026-02-02,base_plus_crowding,ridge_logistic_c01,0,0.3268305495528839,0.25082128230256684
3,2026-02-03,base_plus_crowding,ridge_logistic_c01,0,0.34554620564983257,0.24654232847569318
3,2026-02-04,base_plus_crowding,ridge_logistic_c01,0,0.3903995299647473,0.24980092919790034
3,2026-02-05,base_plus_crowding,ridge_logistic_c01,0,0.461729015171406,0.24878781339159572
3,2026-02-06,base_plus_crowding,ridge_logistic_c01,0,0.4302528480133371,0.25488950768042995
3,2026-02-09,base_plus_crowding,ridge_logistic_c01,0,0.3984903374869615,0.2582775633993338
3,2026-02-10,base_plus_crowding,ridge_logistic_c01,0,0.4518914473684211,0.2528779666925498
3,2026-02-11,base_plus_crowding,ridge_logistic_c01,0,0.5214571361360352,0.2520670179511776
3,2026-02-12,base_plus_crowding,ridge_logistic_c01,0,0.5077231413398693,0.24146100391485636
3,2026-02-13,base_plus_crowding,ridge_logistic_c01,0,0.4529974575137161,0.2545456936374527
3,2026-02-17,base_plus_crowding,ridge_logistic_c01,0,0.4373910765340411,0.24917931933984647
3,2026-02-18,base_plus_crowding,ridge_logistic_c01,0,0.4686944345661451,0.25215443952659106
3,2026-02-19,base_plus_crowding,ridge_logistic_c01,0,0.46135135135135136,0.24590439552660542
3,2026-02-20,base_plus_crowding,ridge_logistic_c01,0,0.4597014925373134,0.24966694099995665
3,2026-02-23,base_plus_crowding,ridge_logistic_c01,0,0.5136356711187853,0.23984354740484065
3,2026-02-24,base_plus_crowding,ridge_logistic_c01,0,0.5878683077340385,0.2506263977171462
3,2026-01-27,base_plus_crowding,tanh_mlp_16_8,442,0.366876753819429,0.2646704958904111
3,2026-01-28,base_plus_crowding,tanh_mlp_16_8,442,0.35868176313070144,0.2626530212803896
3,2026-01-29,base_plus_crowding,tanh_mlp_16_8,442,0.31101984632916246,0.2701646272499284
3,2026-01-30,base_plus_crowding,tanh_mlp_16_8,442,0.32087927689177037,0.26179063976772654
3,2026-02-02,base_plus_crowding,tanh_mlp_16_8,442,0.3491445695387958,0.25882153888850656
3,2026-02-03,base_plus_crowding,tanh_mlp_16_8,442,0.34720118139807254,0.2581085639546591
3,2026-02-04,base_plus_crowding,tanh_mlp_16_8,442,0.3919153936545241,0.25901859634860075
3,2026-02-05,base_plus_crowding,tanh_mlp_16_8,442,0.40880603659859127,0.25829326025673294
3,2026-02-06,base_plus_crowding,tanh_mlp_16_8,442,0.41589330369547095,0.26052859003238077
3,2026-02-09,base_plus_crowding,tanh_mlp_16_8,442,0.4314090557318947,0.26018984677862445
3,2026-02-10,base_plus_crowding,tanh_mlp_16_8,442,0.47199502133712656,0.25644722623805516
3,2026-02-11,base_plus_crowding,tanh_mlp_16_8,442,0.4840989795118235,0.2545577977056919
3,2026-02-12,base_plus_crowding,tanh_mlp_16_8,442,0.4871961805555556,0.2489567985620236
3,2026-02-13,base_plus_crowding,tanh_mlp_16_8,442,0.39632677639502206,0.26181713779759624
3,2026-02-17,base_plus_crowding,tanh_mlp_16_8,442,0.41948491303208757,0.2570174857646146
3,2026-02-18,base_plus_crowding,tanh_mlp_16_8,442,0.4414451458036984,0.257280468937334
3,2026-02-19,base_plus_crowding,tanh_mlp_16_8,442,0.4811515863689777,0.2489443614495237
3,2026-02-20,base_plus_crowding,tanh_mlp_16_8,442,0.47883976344691637,0.25196377575031587
3,2026-02-23,base_plus_crowding,tanh_mlp_16_8,442,0.5203011528109289,0.24343735122043444
3,2026-02-24,base_plus_crowding,tanh_mlp_16_8,442,0.5913719639688514,0.2468304673863643
3,2026-01-27,base_plus_crowding,tanh_mlp_16_8,2025,0.42807670036969403,0.25971886509882414
3,2026-01-28,base_plus_crowding,tanh_mlp_16_8,2025,0.44710496783297593,0.2568069432969358
3,2026-01-29,base_plus_crowding,tanh_mlp_16_8,2025,0.3914657399781115,0.2654597440688381
3,2026-01-30,base_plus_crowding,tanh_mlp_16_8,2025,0.3600870758601108,0.26135928528158814
3,2026-02-02,base_plus_crowding,tanh_mlp_16_8,2025,0.36485631394835183,0.26087952628578226
3,2026-02-03,base_plus_crowding,tanh_mlp_16_8,2025,0.33506893610520555,0.2642359383698729
3,2026-02-04,base_plus_crowding,tanh_mlp_16_8,2025,0.40699177438307876,0.2612959332317118
3,2026-02-05,base_plus_crowding,tanh_mlp_16_8,2025,0.43983378805694134,0.2578959900039781
3,2026-02-06,base_plus_crowding,tanh_mlp_16_8,2025,0.4546040566824118,0.25851617928012854
3,2026-02-09,base_plus_crowding,tanh_mlp_16_8,2025,0.469958164627239,0.25755880056961633
3,2026-02-10,base_plus_crowding,tanh_mlp_16_8,2025,0.531294452347084,0.25044434783109404
3,2026-02-11,base_plus_crowding,tanh_mlp_16_8,2025,0.510020051304455,0.25084854560521846
3,2026-02-12,base_plus_crowding,tanh_mlp_16_8,2025,0.5229141135620915,0.24878311883332307
3,2026-02-13,base_plus_crowding,tanh_mlp_16_8,2025,0.4244502430973728,0.2609190698516704
3,2026-02-17,base_plus_crowding,tanh_mlp_16_8,2025,0.41208096501919333,0.2593113146530656
3,2026-02-18,base_plus_crowding,tanh_mlp_16_8,2025,0.43238798008534846,0.259151138290978
3,2026-02-19,base_plus_crowding,tanh_mlp_16_8,2025,0.4823619271445358,0.2500640433904898
3,2026-02-20,base_plus_crowding,tanh_mlp_16_8,2025,0.4841115178822867,0.25229564086090145
3,2026-02-23,base_plus_crowding,tanh_mlp_16_8,2025,0.4662155299375349,0.24807886861483316
3,2026-02-24,base_plus_crowding,tanh_mlp_16_8,2025,0.5491811616315736,0.25068139039395376
3,2026-01-27,base_plus_crowding,tanh_mlp_16_8,9001,0.3933009665493742,0.2629272176357202
3,2026-01-28,base_plus_crowding,tanh_mlp_16_8,9001,0.3749819442438249,0.26156571632332276
3,2026-01-29,base_plus_crowding,tanh_mlp_16_8,9001,0.3101397930746579,0.27066148401410295
3,2026-01-30,base_plus_crowding,tanh_mlp_16_8,9001,0.30490748189863237,0.26659583801989734
3,2026-02-02,base_plus_crowding,tanh_mlp_16_8,9001,0.3335760933153452,0.2636681904397241
3,2026-02-03,base_plus_crowding,tanh_mlp_16_8,9001,0.33761505264095937,0.2640850418157445
3,2026-02-04,base_plus_crowding,tanh_mlp_16_8,9001,0.38225616921269095,0.26415745859103756
3,2026-02-05,base_plus_crowding,tanh_mlp_16_8,9001,0.4103014874599025,0.26167854773584187
3,2026-02-06,base_plus_crowding,tanh_mlp_16_8,9001,0.40075576549041403,0.2639811849304577
3,2026-02-09,base_plus_crowding,tanh_mlp_16_8,9001,0.4147758498861584,0.2627432073998601
3,2026-02-10,base_plus_crowding,tanh_mlp_16_8,9001,0.475973506401138,0.25571106946686184
3,2026-02-11,base_plus_crowding,tanh_mlp_16_8,9001,0.5181413897010227,0.2510721550746441
3,2026-02-12,base_plus_crowding,tanh_mlp_16_8,9001,0.5161356209150327,0.24868834932470302
3,2026-02-13,base_plus_crowding,tanh_mlp_16_8,9001,0.41462598688612334,0.2607779239144884
3,2026-02-17,base_plus_crowding,tanh_mlp_16_8,9001,0.39918670478750673,0.2594574895100012
3,2026-02-18,base_plus_crowding,tanh_mlp_16_8,9001,0.41858552631578944,0.2587012134275919
3,2026-02-19,base_plus_crowding,tanh_mlp_16_8,9001,0.4769330199764983,0.2510298891666032
3,2026-02-20,base_plus_crowding,tanh_mlp_16_8,9001,0.45715573078006194,0.25460576809602675
3,2026-02-23,base_plus_crowding,tanh_mlp_16_8,9001,0.5249225534508151,0.24576700417737218
3,2026-02-24,base_plus_crowding,tanh_mlp_16_8,9001,0.5987183399450717,0.24440699810899302
3,2026-01-27,base_plus_regime,elastic_logistic_c1_l25,0,0.3395394414502695,0.2568852080425402
3,2026-01-28,base_plus_regime,elastic_logistic_c1_l25,0,0.32950366115179064,0.25648946628825425
3,2026-01-29,base_plus_regime,elastic_logistic_c1_l25,0,0.2692624476763209,0.26238212152796286
3,2026-01-30,base_plus_regime,elastic_logistic_c1_l25,0,0.32279589229094696,0.251921961938307
3,2026-02-02,base_plus_regime,elastic_logistic_c1_l25,0,0.32800057307274444,0.250983684263756
3,2026-02-03,base_plus_regime,elastic_logistic_c1_l25,0,0.3465773828468129,0.2467719367650439
3,2026-02-04,base_plus_regime,elastic_logistic_c1_l25,0,0.39425381903642776,0.24951945759754865
3,2026-02-05,base_plus_regime,elastic_logistic_c1_l25,0,0.46709437322343866,0.2485015797858695
3,2026-02-06,base_plus_regime,elastic_logistic_c1_l25,0,0.44487913309252575,0.25422212735413247
3,2026-02-09,base_plus_regime,elastic_logistic_c1_l25,0,0.4134635875234132,0.2575587595882273
3,2026-02-10,base_plus_regime,elastic_logistic_c1_l25,0,0.46950568990042674,0.25243664072847954
3,2026-02-11,base_plus_regime,elastic_logistic_c1_l25,0,0.5314379809792654,0.2519353205793431
3,2026-02-12,base_plus_regime,elastic_logistic_c1_l25,0,0.5123953227124183,0.241217237303053
3,2026-02-13,base_plus_regime,elastic_logistic_c1_l25,0,0.44767830857754587,0.25484530742465
3,2026-02-17,base_plus_regime,elastic_logistic_c1_l25,0,0.43592167762071277,0.24920411669093753
3,2026-02-18,base_plus_regime,elastic_logistic_c1_l25,0,0.4611708748221906,0.2527503861070564
3,2026-02-19,base_plus_regime,elastic_logistic_c1_l25,0,0.4712808460634548,0.24570727240456686
3,2026-02-20,base_plus_regime,elastic_logistic_c1_l25,0,0.4668882005068995,0.24928898286261714
3,2026-02-23,base_plus_regime,elastic_logistic_c1_l25,0,0.5169747600426591,0.23974260664574132
3,2026-02-24,base_plus_regime,elastic_logistic_c1_l25,0,0.5863538240712486,0.25076523950706264
3,2026-01-27,base_plus_regime,ridge_logistic_c01,0,0.33975101331789226,0.256886335092393
3,2026-01-28,base_plus_regime,ridge_logistic_c01,0,0.32888143201591125,0.25649887217114997
3,2026-01-29,base_plus_regime,ridge_logistic_c01,0,0.26874344191084387,0.262387485190408
3,2026-01-30,base_plus_regime,ridge_logistic_c01,0,0.3231034972315555,0.25189302844153305
3,2026-02-02,base_plus_regime,ridge_logistic_c01,0,0.3283348655069903,0.2509510388564528
3,2026-02-03,base_plus_regime,ridge_logistic_c01,0,0.346793802752352,0.2467430033452653
3,2026-02-04,base_plus_regime,ridge_logistic_c01,0,0.39455934195064635,0.24947903017459383
3,2026-02-05,base_plus_regime,ridge_logistic_c01,0,0.4674939211634836,0.24847685987259452
3,2026-02-06,base_plus_regime,ridge_logistic_c01,0,0.44479021950541814,0.25421151689134885
3,2026-02-09,base_plus_regime,ridge_logistic_c01,0,0.4134972352763041,0.2575540601762688
3,2026-02-10,base_plus_regime,ridge_logistic_c01,0,0.4694945768136557,0.2524342384327582
3,2026-02-11,base_plus_regime,ridge_logistic_c01,0,0.5311131274434027,0.25195155002970326
3,2026-02-12,base_plus_regime,ridge_logistic_c01,0,0.5120889501633987,0.24122185981433114
3,2026-02-13,base_plus_regime,ridge_logistic_c01,0,0.4476114010437576,0.2548379104885987
3,2026-02-17,base_plus_regime,ridge_logistic_c01,0,0.4359558496884647,0.2491853880818824
3,2026-02-18,base_plus_regime,ridge_logistic_c01,0,0.461537606685633,0.2527366137332855
3,2026-02-19,base_plus_regime,ridge_logistic_c01,0,0.4713160987074031,0.2457058453417745
3,2026-02-20,base_plus_regime,ridge_logistic_c01,0,0.4669219938045621,0.2492763017335637
3,2026-02-23,base_plus_regime,ridge_logistic_c01,0,0.5168858869534305,0.23975249718926506
3,2026-02-24,base_plus_regime,ridge_logistic_c01,0,0.5857774161100374,0.2508007727377514
3,2026-01-27,base_plus_regime,tanh_mlp_16_8,442,0.37273395394414505,0.2640774221372687
3,2026-01-28,base_plus_regime,tanh_mlp_16_8,442,0.35274836387070974,0.26297565727846633
3,2026-01-29,base_plus_regime,tanh_mlp_16_8,442,0.3108054743825524,0.27035379134296617
3,2026-01-30,base_plus_regime,tanh_mlp_16_8,442,0.3152240783682741,0.2617337672686261
3,2026-02-02,base_plus_regime,tanh_mlp_16_8,442,0.3351759213935219,0.2595178738017709
3,2026-02-03,base_plus_regime,tanh_mlp_16_8,442,0.34401853572838026,0.25661249954631754
3,2026-02-04,base_plus_regime,tanh_mlp_16_8,442,0.3818918918918919,0.25805516190609523
3,2026-02-05,base_plus_regime,tanh_mlp_16_8,442,0.40911425929519746,0.25668884027326866
3,2026-02-06,base_plus_regime,tanh_mlp_16_8,442,0.41646012781328146,0.26061427910427953
3,2026-02-09,base_plus_regime,tanh_mlp_16_8,442,0.41175876804360745,0.2624480107753395
3,2026-02-10,base_plus_regime,tanh_mlp_16_8,442,0.45989286984352773,0.25776043507556123
3,2026-02-11,base_plus_regime,tanh_mlp_16_8,442,0.48978951731245307,0.25464835714878303
3,2026-02-12,base_plus_regime,tanh_mlp_16_8,442,0.4984298406862745,0.24648105560793845
3,2026-02-13,base_plus_regime,tanh_mlp_16_8,442,0.4020696730451848,0.26189487669025396
3,2026-02-17,base_plus_regime,tanh_mlp_16_8,442,0.4276862092925243,0.2561397490482406
3,2026-02-18,base_plus_regime,tanh_mlp_16_8,442,0.43914473684210525,0.25835144944856026
3,2026-02-19,base_plus_regime,tanh_mlp_16_8,442,0.4874030552291422,0.24907909586501095
3,2026-02-20,base_plus_regime,tanh_mlp_16_8,442,0.4873106167276824,0.2518806334094368
3,2026-02-23,base_plus_regime,tanh_mlp_16_8,442,0.5253161342745417,0.2418924622016516
3,2026-02-24,base_plus_regime,tanh_mlp_16_8,442,0.6073305530125792,0.24583580943311042
3,2026-01-27,base_plus_regime,tanh_mlp_16_8,2025,0.4301812836844684,0.2603573210000003
3,2026-01-28,base_plus_regime,tanh_mlp_16_8,2025,0.43818264647384975,0.2581641218090741
3,2026-01-29,base_plus_regime,tanh_mlp_16_8,2025,0.3807697081156706,0.26705583775530944
3,2026-01-30,base_plus_regime,tanh_mlp_16_8,2025,0.3569755335762623,0.26097321828821973
3,2026-02-02,base_plus_regime,tanh_mlp_16_8,2025,0.3603672441170501,0.26061356484150566
3,2026-02-03,base_plus_regime,tanh_mlp_16_8,2025,0.35292994360351876,0.2613209790059778
3,2026-02-04,base_plus_regime,tanh_mlp_16_8,2025,0.4096709753231493,0.2603132753759301
3,2026-02-05,base_plus_regime,tanh_mlp_16_8,2025,0.4297880112786676,0.25938729286562506
3,2026-02-06,base_plus_regime,tanh_mlp_16_8,2025,0.4303417616004446,0.2611564683824323
3,2026-02-09,base_plus_regime,tanh_mlp_16_8,2025,0.46136677172242846,0.2588976818688469
3,2026-02-10,base_plus_regime,tanh_mlp_16_8,2025,0.5160472972972974,0.2528881478149554
3,2026-02-11,base_plus_regime,tanh_mlp_16_8,2025,0.5501786694447245,0.24802557311874304
3,2026-02-12,base_plus_regime,tanh_mlp_16_8,2025,0.5439772263071896,0.2464996894448793
3,2026-02-13,base_plus_regime,tanh_mlp_16_8,2025,0.43879075783933275,0.26024975201113915
3,2026-02-17,base_plus_regime,tanh_mlp_16_8,2025,0.42999851921039745,0.2582874367804541
3,2026-02-18,base_plus_regime,tanh_mlp_16_8,2025,0.44514580369843526,0.2573971711654317
3,2026-02-19,base_plus_regime,tanh_mlp_16_8,2025,0.4815158636897767,0.24974505408145048
3,2026-02-20,base_plus_regime,tanh_mlp_16_8,2025,0.46118839763446917,0.25535154382455566
3,2026-02-23,base_plus_regime,tanh_mlp_16_8,2025,0.4888908638464273,0.24670305009730187
3,2026-02-24,base_plus_regime,tanh_mlp_16_8,2025,0.5539619570745601,0.24901196859072783
3,2026-01-27,base_plus_regime,tanh_mlp_16_8,9001,0.40814440336733326,0.26189190229441245
3,2026-01-28,base_plus_regime,tanh_mlp_16_8,9001,0.39862665140723785,0.2604109247472145
3,2026-01-29,base_plus_regime,tanh_mlp_16_8,9001,0.3170561090363417,0.2702581446034746
3,2026-01-30,base_plus_regime,tanh_mlp_16_8,9001,0.3045880459987696,0.2666927002671312
3,2026-02-02,base_plus_regime,tanh_mlp_16_8,9001,0.32722453706467364,0.26403129128897906
3,2026-02-03,base_plus_regime,tanh_mlp_16_8,9001,0.3430382808621151,0.2627129351935613
3,2026-02-04,base_plus_regime,tanh_mlp_16_8,9001,0.3843595769682726,0.2632521934981441
3,2026-02-05,base_plus_regime,tanh_mlp_16_8,9001,0.406283176748593,0.2619812903008923
3,2026-02-06,base_plus_regime,tanh_mlp_16_8,9001,0.40864684634620724,0.2633006011803601
3,2026-02-09,base_plus_regime,tanh_mlp_16_8,9001,0.4115568815262621,0.26292035607156156
3,2026-02-10,base_plus_regime,tanh_mlp_16_8,9001,0.46067078591749644,0.2577334053817555
3,2026-02-11,base_plus_regime,tanh_mlp_16_8,9001,0.5128541183587055,0.25204238508691634
3,2026-02-12,base_plus_regime,tanh_mlp_16_8,9001,0.5231183619281046,0.2473611605206115
3,2026-02-13,base_plus_regime,tanh_mlp_16_8,9001,0.42308978991034385,0.2604815086905172
3,2026-02-17,base_plus_regime,tanh_mlp_16_8,9001,0.41789021653700265,0.2583480232707855
3,2026-02-18,base_plus_regime,tanh_mlp_16_8,9001,0.43275471194879095,0.25809441624200197
3,2026-02-19,base_plus_regime,tanh_mlp_16_8,9001,0.4763807285546416,0.2508161122959815
3,2026-02-20,base_plus_regime,tanh_mlp_16_8,9001,0.46412841453111797,0.25406931025739465
3,2026-02-23,base_plus_regime,tanh_mlp_16_8,9001,0.5083159819206744,0.24590134484863888
3,2026-02-24,base_plus_regime,tanh_mlp_16_8,9001,0.5912137343324404,0.24519401050543016
3,2026-01-27,graph_survivors,elastic_logistic_c1_l25,0,0.3500400873012338,0.2569256805801122
3,2026-01-28,graph_survivors,elastic_logistic_c1_l25,0,0.32045911621240236,0.25709816065365876
3,2026-01-29,graph_survivors,elastic_logistic_c1_l25,0,0.25540725028488903,0.26331595776010613
3,2026-01-30,graph_survivors,elastic_logistic_c1_l25,0,0.32458236713832755,0.25201179734785073
3,2026-02-02,graph_survivors,elastic_logistic_c1_l25,0,0.33588032330854,0.2506992196944985
3,2026-02-03,graph_survivors,elastic_logistic_c1_l25,0,0.3571055747221551,0.2462317527841005
3,2026-02-04,graph_survivors,elastic_logistic_c1_l25,0,0.3996827262044653,0.24940490800679324
3,2026-02-05,graph_survivors,elastic_logistic_c1_l25,0,0.4731560862566924,0.24816373896463603
3,2026-02-06,graph_survivors,elastic_logistic_c1_l25,0,0.451258682967491,0.2543505897916993
3,2026-02-09,graph_survivors,elastic_logistic_c1_l25,0,0.38671362397514547,0.25887633628825646
3,2026-02-10,graph_survivors,elastic_logistic_c1_l25,0,0.4564700391180654,0.2528079503280223
3,2026-02-11,graph_survivors,elastic_logistic_c1_l25,0,0.5298025114538876,0.2522971524729061
3,2026-02-12,graph_survivors,elastic_logistic_c1_l25,0,0.5162377450980392,0.24046718076007348
3,2026-02-13,graph_survivors,elastic_logistic_c1_l25,0,0.44716535081850217,0.25509350071717773
3,2026-02-17,graph_survivors,elastic_logistic_c1_l25,0,0.4367531979360071,0.24916690801073027
3,2026-02-18,graph_survivors,elastic_logistic_c1_l25,0,0.4665718349928876,0.2528808367188367
3,2026-02-19,graph_survivors,elastic_logistic_c1_l25,0,0.46139835487661573,0.245666207903166
3,2026-02-20,graph_survivors,elastic_logistic_c1_l25,0,0.4557026189805689,0.24967872593315918
3,2026-02-23,graph_survivors,elastic_logistic_c1_l25,0,0.5144228327662383,0.23933992771166193
3,2026-02-24,graph_survivors,elastic_logistic_c1_l25,0,0.5732659727166898,0.25171555843004995
3,2026-01-27,graph_survivors,ridge_logistic_c01,0,0.34889314507148905,0.2569452660421258
3,2026-01-28,graph_survivors,ridge_logistic_c01,0,0.31892576584184273,0.2571366501999795
3,2026-01-29,graph_survivors,ridge_logistic_c01,0,0.2548205481152193,0.26332774557421984
3,2026-01-30,graph_survivors,ridge_logistic_c01,0,0.32512659126401966,0.25197999290744727
3,2026-02-02,graph_survivors,ridge_logistic_c01,0,0.336477274083979,0.25066311378973505
3,2026-02-03,graph_survivors,ridge_logistic_c01,0,0.35713103588751255,0.24622277746427387
3,2026-02-04,graph_survivors,ridge_logistic_c01,0,0.40050528789659223,0.2493420033299322
3,2026-02-05,graph_survivors,ridge_logistic_c01,0,0.4736583750956061,0.2481296793163032
3,2026-02-06,graph_survivors,ridge_logistic_c01,0,0.4512697971658794,0.2543430965529056
3,2026-02-09,graph_survivors,ridge_logistic_c01,0,0.38644444195201827,0.2588578194319824
3,2026-02-10,graph_survivors,ridge_logistic_c01,0,0.45677009246088196,0.2527963065780827
3,2026-02-11,graph_survivors,ridge_logistic_c01,0,0.530306594526778,0.25230026563865693
3,2026-02-12,graph_survivors,ridge_logistic_c01,0,0.5161100898692811,0.2404681948456893
3,2026-02-13,graph_survivors,ridge_logistic_c01,0,0.44715419956287084,0.25509534541626894
3,2026-02-17,graph_survivors,ridge_logistic_c01,0,0.43642286794773955,0.24915489677168054
3,2026-02-18,graph_survivors,ridge_logistic_c01,0,0.46721639402560455,0.25287103052834736
3,2026-02-19,graph_survivors,ridge_logistic_c01,0,0.46119858989424206,0.2456634961990135
3,2026-02-20,graph_survivors,ridge_logistic_c01,0,0.4557026189805688,0.24965202960372124
3,2026-02-23,graph_survivors,ridge_logistic_c01,0,0.5144990096998628,0.2393371538762229
3,2026-02-24,graph_survivors,ridge_logistic_c01,0,0.5723052927813379,0.25175717942026354
3,2026-01-27,graph_survivors,tanh_mlp_16_8,442,0.3988909179991983,0.26281392185653873
3,2026-01-28,graph_survivors,tanh_mlp_16_8,442,0.4166935188168758,0.2595977359624461
3,2026-01-29,graph_survivors,tanh_mlp_16_8,442,0.37933680089359256,0.26656834255896444
3,2026-01-30,graph_survivors,tanh_mlp_16_8,442,0.36438171406937675,0.2617603118025297
3,2026-02-02,graph_survivors,tanh_mlp_16_8,442,0.38868658890387897,0.25952945016763174
3,2026-02-03,graph_survivors,tanh_mlp_16_8,442,0.3795750531501827,0.260015404538619
3,2026-02-04,graph_survivors,tanh_mlp_16_8,442,0.39002350176263223,0.2631340641932527
3,2026-02-05,graph_survivors,tanh_mlp_16_8,442,0.393954268884348,0.2645408221701279
3,2026-02-06,graph_survivors,tanh_mlp_16_8,442,0.4198055015282023,0.2624607186480581
3,2026-02-09,graph_survivors,tanh_mlp_16_8,442,0.4142711335927949,0.2645579945908236
3,2026-02-10,graph_survivors,tanh_mlp_16_8,442,0.47516225106685633,0.2552830520902548
3,2026-02-11,graph_survivors,tanh_mlp_16_8,442,0.5186454727739132,0.25200721106503343
3,2026-02-12,graph_survivors,tanh_mlp_16_8,442,0.5498876633986929,0.2438344184539047
3,2026-02-13,graph_survivors,tanh_mlp_16_8,442,0.44153396672465317,0.26076609198305173
3,2026-02-17,graph_survivors,tanh_mlp_16_8,442,0.3954847307810595,0.26120358242830505
3,2026-02-18,graph_survivors,tanh_mlp_16_8,442,0.42353084992887624,0.260364757406192
3,2026-02-19,graph_survivors,tanh_mlp_16_8,442,0.4787896592244419,0.24975582999962892
3,2026-02-20,graph_survivors,tanh_mlp_16_8,442,0.4857110673049845,0.25390938460140267
3,2026-02-23,graph_survivors,tanh_mlp_16_8,442,0.5437001675892541,0.24157791738450538
3,2026-02-24,graph_survivors,tanh_mlp_16_8,442,0.591292849150646,0.24667703455373763
3,2026-01-27,graph_survivors,tanh_mlp_16_8,2025,0.4197919914480424,0.260978052148325
3,2026-01-28,graph_survivors,tanh_mlp_16_8,2025,0.45312725696952194,0.25689780188420697
3,2026-01-29,graph_survivors,tanh_mlp_16_8,2025,0.3978630501743182,0.264880098538886
3,2026-01-30,graph_survivors,tanh_mlp_16_8,2025,0.3602882021674318,0.26398223341074756
3,2026-02-02,graph_survivors,tanh_mlp_16_8,2025,0.38902088133812485,0.261943457244327
3,2026-02-03,graph_survivors,tanh_mlp_16_8,2025,0.3727259996690049,0.26373012422006425
3,2026-02-04,graph_survivors,tanh_mlp_16_8,2025,0.3946650998824912,0.26514806126771334
3,2026-02-05,graph_survivors,tanh_mlp_16_8,2025,0.3934291487345746,0.2644825496570174
3,2026-02-06,graph_survivors,tanh_mlp_16_8,2025,0.3987552097804946,0.26571694311583416
3,2026-02-09,graph_survivors,tanh_mlp_16_8,2025,0.42138202537040564,0.26437172374208057
3,2026-02-10,graph_survivors,tanh_mlp_16_8,2025,0.45538095661450917,0.26065044717861136
3,2026-02-11,graph_survivors,tanh_mlp_16_8,2025,0.5108489879132081,0.25299462168315334
3,2026-02-12,graph_survivors,tanh_mlp_16_8,2025,0.5285820057189543,0.24979221544128213
3,2026-02-13,graph_survivors,tanh_mlp_16_8,2025,0.4594874882911815,0.25947169897945405
3,2026-02-17,graph_survivors,tanh_mlp_16_8,2025,0.42857468305407154,0.2608991917771604
3,2026-02-18,graph_survivors,tanh_mlp_16_8,2025,0.44222306187766713,0.26071763584336877
3,2026-02-19,graph_survivors,tanh_mlp_16_8,2025,0.49090481786133955,0.2512460034617799
3,2026-02-20,graph_survivors,tanh_mlp_16_8,2025,0.5104702900591382,0.251438421572097
3,2026-02-23,graph_survivors,tanh_mlp_16_8,2025,0.5395358285511147,0.24510007396052638
3,2026-02-24,graph_survivors,tanh_mlp_16_8,2025,0.6236847161473345,0.24136302588378175
3,2026-01-27,graph_survivors,tanh_mlp_16_8,9001,0.42543761970513566,0.2620335209803588
3,2026-01-28,graph_survivors,tanh_mlp_16_8,9001,0.44887165412949026,0.2578944608606752
3,2026-01-29,graph_survivors,tanh_mlp_16_8,9001,0.4096873554399702,0.26674319891476483
3,2026-01-30,graph_survivors,tanh_mlp_16_8,9001,0.37481662013156025,0.26114698016948845
3,2026-02-02,graph_survivors,tanh_mlp_16_8,9001,0.4038730166310486,0.257252352064459
3,2026-02-03,graph_survivors,tanh_mlp_16_8,9001,0.3884991916079999,0.25875568281882927
3,2026-02-04,graph_survivors,tanh_mlp_16_8,9001,0.393090481786134,0.2626392340261718
3,2026-02-05,graph_survivors,tanh_mlp_16_8,9001,0.3938971906071987,0.2625376554993187
3,2026-02-06,graph_survivors,tanh_mlp_16_8,9001,0.40571269797165876,0.2652933215947923
3,2026-02-09,graph_survivors,tanh_mlp_16_8,9001,0.4214605367938178,0.2649760955039059
3,2026-02-10,graph_survivors,tanh_mlp_16_8,9001,0.48580858819345657,0.2559129286104323
3,2026-02-11,graph_survivors,tanh_mlp_16_8,9001,0.49624178064545044,0.2548476663409611
3,2026-02-12,graph_survivors,tanh_mlp_16_8,9001,0.5545598447712419,0.2423207091789044
3,2026-02-13,graph_survivors,tanh_mlp_16_8,9001,0.4511463490789063,0.26135030181698804
3,2026-02-17,graph_survivors,tanh_mlp_16_8,9001,0.41219487191169935,0.25922590735164386
3,2026-02-18,graph_survivors,tanh_mlp_16_8,9001,0.4253867354196301,0.26142883054584765
3,2026-02-19,graph_survivors,tanh_mlp_16_8,9001,0.48539365452408934,0.24886189905535028
3,2026-02-20,graph_survivors,tanh_mlp_16_8,9001,0.4767107856941707,0.254359577389977
3,2026-02-23,graph_survivors,tanh_mlp_16_8,9001,0.5235894571123862,0.24108167840345354
3,2026-02-24,graph_survivors,tanh_mlp_16_8,9001,0.5897557612540829,0.24752700643588849
4,2026-02-25,base_only,elastic_logistic_c1_l25,0,0.5044047459743967,0.25202311507423425
4,2026-02-26,base_only,elastic_logistic_c1_l25,0,0.5852294378680041,0.25631637302938054
4,2026-02-27,base_only,elastic_logistic_c1_l25,0,0.5296810475983481,0.2602984967219181
4,2026-03-02,base_only,elastic_logistic_c1_l25,0,0.5541815815164334,0.25995761024844743
4,2026-03-03,base_only,elastic_logistic_c1_l25,0,0.5668148148148148,0.26261181155729435
4,2026-03-04,base_only,elastic_logistic_c1_l25,0,0.5473978517456778,0.2660288734296093
4,2026-03-05,base_only,elastic_logistic_c1_l25,0,0.4296791793568639,0.2705461444145209
4,2026-03-06,base_only,elastic_logistic_c1_l25,0,0.5268056589724497,0.2654564539904398
4,2026-03-09,base_only,elastic_logistic_c1_l25,0,0.42358223608223605,0.2667514542381744
4,2026-03-10,base_only,elastic_logistic_c1_l25,0,0.3984818151484818,0.26098931005618764
4,2026-03-11,base_only,elastic_logistic_c1_l25,0,0.4479645693979933,0.2644509379515
4,2026-03-12,base_only,elastic_logistic_c1_l25,0,0.6038182707703256,0.24813020264732472
4,2026-03-13,base_only,elastic_logistic_c1_l25,0,0.5589974354103343,0.2581950795418804
4,2026-03-16,base_only,elastic_logistic_c1_l25,0,0.5310031618281115,0.2561812998378209
4,2026-03-17,base_only,elastic_logistic_c1_l25,0,0.38641196789222015,0.2615367326155868
4,2026-03-18,base_only,elastic_logistic_c1_l25,0,0.4047722730267198,0.2507425108090647
4,2026-03-19,base_only,elastic_logistic_c1_l25,0,0.42565866660591634,0.25663218616912103
4,2026-03-20,base_only,elastic_logistic_c1_l25,0,0.41280794821075345,0.25618296934680634
4,2026-03-23,base_only,elastic_logistic_c1_l25,0,0.3869131710497718,0.2654324315228634
4,2026-03-24,base_only,elastic_logistic_c1_l25,0,0.5263977054173938,0.2499541186737654
4,2026-02-25,base_only,ridge_logistic_c01,0,0.5032115616218387,0.2520432748346308
4,2026-02-26,base_only,ridge_logistic_c01,0,0.5840001966785903,0.25632737210624396
4,2026-02-27,base_only,ridge_logistic_c01,0,0.5290969354488154,0.26030868555935843
4,2026-03-02,base_only,ridge_logistic_c01,0,0.5539835028792144,0.25996148958384374
4,2026-03-03,base_only,ridge_logistic_c01,0,0.5670518518518518,0.26260583329304893
4,2026-03-04,base_only,ridge_logistic_c01,0,0.5483534179186353,0.26602150841122474
4,2026-03-05,base_only,ridge_logistic_c01,0,0.4310058110203853,0.2705247775599318
4,2026-03-06,base_only,ridge_logistic_c01,0,0.5276075376596597,0.2654446464874725
4,2026-03-09,base_only,ridge_logistic_c01,0,0.4236832986832987,0.26674069671370976
4,2026-03-10,base_only,ridge_logistic_c01,0,0.39876781543448203,0.26098522454710427
4,2026-03-11,base_only,ridge_logistic_c01,0,0.44851327341137126,0.26444322793434955
4,2026-03-12,base_only,ridge_logistic_c01,0,0.6034958192492439,0.24814178398025444
4,2026-03-13,base_only,ridge_logistic_c01,0,0.5593417553191489,0.25818748306979444
4,2026-03-16,base_only,ridge_logistic_c01,0,0.530911181373958,0.256180128792517
4,2026-03-17,base_only,ridge_logistic_c01,0,0.3869282491917739,0.26153332874264673
4,2026-03-18,base_only,ridge_logistic_c01,0,0.40432564008084054,0.25075624004574865
4,2026-03-19,base_only,ridge_logistic_c01,0,0.4263762800287046,0.2566378786616545
4,2026-03-20,base_only,ridge_logistic_c01,0,0.41290909908289875,0.2561962016153745
4,2026-03-23,base_only,ridge_logistic_c01,0,0.3870490110845468,0.26544263964861775
4,2026-03-24,base_only,ridge_logistic_c01,0,0.5261753621416104,0.2499677886626615
4,2026-02-25,base_only,tanh_mlp_16_8,442,0.5257259467416031,0.2502798301091724
4,2026-02-26,base_only,tanh_mlp_16_8,442,0.6282037098499097,0.25159752964034815
4,2026-02-27,base_only,tanh_mlp_16_8,442,0.6193083025429256,0.25597997013972634
4,2026-03-02,base_only,tanh_mlp_16_8,442,0.5797054287695071,0.2591331076624877
4,2026-03-03,base_only,tanh_mlp_16_8,442,0.5404148148148148,0.26280361378965417
4,2026-03-04,base_only,tanh_mlp_16_8,442,0.5217745217745218,0.26892599451560967
4,2026-03-05,base_only,tanh_mlp_16_8,442,0.38778751471440054,0.2790944567437936
4,2026-03-06,base_only,tanh_mlp_16_8,442,0.38205223666876686,0.27518530799350127
4,2026-03-09,base_only,tanh_mlp_16_8,442,0.39773908523908524,0.2727542169844098
4,2026-03-10,base_only,tanh_mlp_16_8,442,0.4446589446589447,0.26408257367074534
4,2026-03-11,base_only,tanh_mlp_16_8,442,0.49498327759197325,0.26496250248639264
4,2026-03-12,base_only,tanh_mlp_16_8,442,0.5817581391211528,0.24521616707698068
4,2026-03-13,base_only,tanh_mlp_16_8,442,0.5693151595744681,0.2564230286163187
4,2026-03-16,base_only,tanh_mlp_16_8,442,0.5565392354124749,0.25487952942544295
4,2026-03-17,base_only,tanh_mlp_16_8,442,0.46433356688915933,0.2648093655351713
4,2026-03-18,base_only,tanh_mlp_16_8,442,0.4281535077434987,0.25698500475529384
4,2026-03-19,base_only,tanh_mlp_16_8,442,0.41053183128111076,0.2646224257838066
4,2026-03-20,base_only,tanh_mlp_16_8,442,0.3675597914044237,0.2656871746915152
4,2026-03-23,base_only,tanh_mlp_16_8,442,0.3679227341882199,0.2715086143271591
4,2026-03-24,base_only,tanh_mlp_16_8,442,0.4386165801380752,0.25438286146827027
4,2026-02-25,base_only,tanh_mlp_16_8,2025,0.4825928899594094,0.25298720788363777
4,2026-02-26,base_only,tanh_mlp_16_8,2025,0.5422551658860985,0.25496138213837943
4,2026-02-27,base_only,tanh_mlp_16_8,2025,0.5081096500760705,0.2609007287380679
4,2026-03-02,base_only,tanh_mlp_16_8,2025,0.4506571966213444,0.2629326510723764
4,2026-03-03,base_only,tanh_mlp_16_8,2025,0.49207407407407405,0.2638900950651651
4,2026-03-04,base_only,tanh_mlp_16_8,2025,0.4553449770841075,0.2690670218637113
4,2026-03-05,base_only,tanh_mlp_16_8,2025,0.45417515274949083,0.2736657676968831
4,2026-03-06,base_only,tanh_mlp_16_8,2025,0.456813104988831,0.26864869924313695
4,2026-03-09,base_only,tanh_mlp_16_8,2025,0.49969681219681217,0.2649462078900736
4,2026-03-10,base_only,tanh_mlp_16_8,2025,0.540623957290624,0.2558677241484731
4,2026-03-11,base_only,tanh_mlp_16_8,2025,0.52734375,0.25825746472862676
4,2026-03-12,base_only,tanh_mlp_16_8,2025,0.5037026329834549,0.24972865949080314
4,2026-03-13,base_only,tanh_mlp_16_8,2025,0.4914394946808511,0.2555982197663242
4,2026-03-16,base_only,tanh_mlp_16_8,2025,0.4881057775222765,0.2546125321546434
4,2026-03-17,base_only,tanh_mlp_16_8,2025,0.4880702142567393,0.2576015418643883
4,2026-03-18,base_only,tanh_mlp_16_8,2025,0.4718900389687245,0.25484991345439
4,2026-03-19,base_only,tanh_mlp_16_8,2025,0.413971819434794,0.2603842298359504
4,2026-03-20,base_only,tanh_mlp_16_8,2025,0.48981747887070676,0.2564043286857093
4,2026-03-23,base_only,tanh_mlp_16_8,2025,0.5558166702890676,0.2566740944647296
4,2026-03-24,base_only,tanh_mlp_16_8,2025,0.4691443119031473,0.2541436522989049
4,2026-02-25,base_only,tanh_mlp_16_8,9001,0.5734867746108212,0.24803290200660982
4,2026-02-26,base_only,tanh_mlp_16_8,9001,0.5800789172843603,0.2531117822797191
4,2026-02-27,base_only,tanh_mlp_16_8,9001,0.5852260378178656,0.2567189072421247
4,2026-03-02,base_only,tanh_mlp_16_8,9001,0.4992147596881676,0.2591915453693738
4,2026-03-03,base_only,tanh_mlp_16_8,9001,0.5159555555555555,0.2638196102215422
4,2026-03-04,base_only,tanh_mlp_16_8,9001,0.45539806409371625,0.2701720495092864
4,2026-03-05,base_only,tanh_mlp_16_8,9001,0.37108316672583574,0.280739333194533
4,2026-03-06,base_only,tanh_mlp_16_8,9001,0.39924967065696776,0.2782487312404338
4,2026-03-09,base_only,tanh_mlp_16_8,9001,0.4216331716331716,0.2723323956492477
4,2026-03-10,base_only,tanh_mlp_16_8,9001,0.4466251966251966,0.2645033343754174
4,2026-03-11,base_only,tanh_mlp_16_8,9001,0.4665421195652174,0.2660824230266214
4,2026-03-12,base_only,tanh_mlp_16_8,9001,0.5386052303860522,0.24883803999436907
4,2026-03-13,base_only,tanh_mlp_16_8,9001,0.5073613221884499,0.2584121762133576
4,2026-03-16,base_only,tanh_mlp_16_8,9001,0.5472262144294338,0.25417783196965577
4,2026-03-17,base_only,tanh_mlp_16_8,9001,0.5159002347850672,0.25959935347507546
4,2026-03-18,base_only,tanh_mlp_16_8,9001,0.48210676760571247,0.25375722555521607
4,2026-03-19,base_only,tanh_mlp_16_8,9001,0.4468909113690469,0.26143885036359243
4,2026-03-20,base_only,tanh_mlp_16_8,9001,0.49181801834202477,0.25810394303517
4,2026-03-23,base_only,tanh_mlp_16_8,9001,0.5511030210823734,0.2594631026698449
4,2026-03-24,base_only,tanh_mlp_16_8,9001,0.5088214694667097,0.2514733439865743
4,2026-02-25,base_plus_crowding,elastic_logistic_c1_l25,0,0.49492617868772026,0.252224333393065
4,2026-02-26,base_plus_crowding,elastic_logistic_c1_l25,0,0.5878354291895613,0.25618599439460854
4,2026-02-27,base_plus_crowding,elastic_logistic_c1_l25,0,0.5221962616822431,0.2603479340551262
4,2026-03-02,base_plus_crowding,elastic_logistic_c1_l25,0,0.5574923244528078,0.25961622837307063
4,2026-03-03,base_plus_crowding,elastic_logistic_c1_l25,0,0.5680148148148148,0.2623078437526205
4,2026-03-04,base_plus_crowding,elastic_logistic_c1_l25,0,0.5516625081842473,0.2658152952332958
4,2026-03-05,base_plus_crowding,elastic_logistic_c1_l25,0,0.4245034473738299,0.27073702529928884
4,2026-03-06,base_plus_crowding,elastic_logistic_c1_l25,0,0.5309152872444011,0.2654291360023883
4,2026-03-09,base_plus_crowding,elastic_logistic_c1_l25,0,0.424506237006237,0.26673410245870843
4,2026-03-10,base_plus_crowding,elastic_logistic_c1_l25,0,0.38983030649697326,0.2609217107947608
4,2026-03-11,base_plus_crowding,elastic_logistic_c1_l25,0,0.4285247700668896,0.2644590007741334
4,2026-03-12,base_plus_crowding,elastic_logistic_c1_l25,0,0.6025951787938089,0.24795221719813323
4,2026-03-13,base_plus_crowding,elastic_logistic_c1_l25,0,0.5592467705167173,0.25788599781984334
4,2026-03-16,base_plus_crowding,elastic_logistic_c1_l25,0,0.5254613394653637,0.25610898718371344
4,2026-03-17,base_plus_crowding,elastic_logistic_c1_l25,0,0.39933129279295887,0.26123778419344856
4,2026-03-18,base_plus_crowding,elastic_logistic_c1_l25,0,0.42650096584374547,0.2503404725800516
4,2026-03-19,base_plus_crowding,elastic_logistic_c1_l25,0,0.42789124169903525,0.2564838631065842
4,2026-03-20,base_plus_crowding,elastic_logistic_c1_l25,0,0.4410065635677036,0.25564871604136613
4,2026-03-23,base_plus_crowding,elastic_logistic_c1_l25,0,0.39519941317104973,0.2653238248841409
4,2026-03-24,base_plus_crowding,elastic_logistic_c1_l25,0,0.5165590154639748,0.25015394131184066
4,2026-02-25,base_plus_crowding,ridge_logistic_c01,0,0.49464739729693563,0.2522382398398318
4,2026-02-26,base_plus_crowding,ridge_logistic_c01,0,0.5880935698393381,0.2561845854499955
4,2026-02-27,base_plus_crowding,ridge_logistic_c01,0,0.5221283416648554,0.26035225535206175
4,2026-03-02,base_plus_crowding,ridge_logistic_c01,0,0.5583836783202932,0.25959601816453043
4,2026-03-03,base_plus_crowding,ridge_logistic_c01,0,0.5687555555555555,0.2622895148613833
4,2026-03-04,base_plus_crowding,ridge_logistic_c01,0,0.5521402912707261,0.2658012834972544
4,2026-03-05,base_plus_crowding,ridge_logistic_c01,0,0.42482109157495473,0.2707296335428315
4,2026-03-06,base_plus_crowding,ridge_logistic_c01,0,0.5312732688011914,0.2654080808365853
4,2026-03-09,base_plus_crowding,ridge_logistic_c01,0,0.4247805497805498,0.2667264975651514
4,2026-03-10,base_plus_crowding,ridge_logistic_c01,0,0.39075980742647415,0.26091503579165237
4,2026-03-11,base_plus_crowding,ridge_logistic_c01,0,0.42908653846153844,0.26445417959128936
4,2026-03-12,base_plus_crowding,ridge_logistic_c01,0,0.6026952499555239,0.24794161885257765
4,2026-03-13,base_plus_crowding,ridge_logistic_c01,0,0.5593773746200608,0.2578695555182077
4,2026-03-16,base_plus_crowding,ridge_logistic_c01,0,0.5250704225352112,0.2561011911326162
4,2026-03-17,base_plus_crowding,ridge_logistic_c01,0,0.4005482415704785,0.2612130141617557
4,2026-03-18,base_plus_crowding,ridge_logistic_c01,0,0.4276510456793845,0.2503216431454477
4,2026-03-19,base_plus_crowding,ridge_logistic_c01,0,0.42789124169903525,0.25647874140063903
4,2026-03-20,base_plus_crowding,ridge_logistic_c01,0,0.4420293112749506,0.2556322228094102
4,2026-03-23,base_plus_crowding,ridge_logistic_c01,0,0.39522658117800474,0.2653177530788642
4,2026-03-24,base_plus_crowding,ridge_logistic_c01,0,0.5152138386454848,0.2501796994186224
4,2026-02-25,base_plus_crowding,tanh_mlp_16_8,442,0.5658035594807975,0.2480037250461792
4,2026-02-26,base_plus_crowding,tanh_mlp_16_8,442,0.630281127460019,0.2511111797838053
4,2026-02-27,base_plus_crowding,tanh_mlp_16_8,442,0.647277765703108,0.25406226936968856
4,2026-03-02,base_plus_crowding,tanh_mlp_16_8,442,0.5731546852671939,0.2576537169653943
4,2026-03-03,base_plus_crowding,tanh_mlp_16_8,442,0.5628444444444445,0.26042284356664197
4,2026-03-04,base_plus_crowding,tanh_mlp_16_8,442,0.5396825396825397,0.2651748219226569
4,2026-03-05,base_plus_crowding,tanh_mlp_16_8,442,0.46331209477008173,0.27193941221327
4,2026-03-06,base_plus_crowding,tanh_mlp_16_8,442,0.42362105504324415,0.2681709434488092
4,2026-03-09,base_plus_crowding,tanh_mlp_16_8,442,0.4088704088704089,0.2681527573444
4,2026-03-10,base_plus_crowding,tanh_mlp_16_8,442,0.4636064636064636,0.2597379362121428
4,2026-03-11,base_plus_crowding,tanh_mlp_16_8,442,0.49823630852842804,0.26071601797302313
4,2026-03-12,base_plus_crowding,tanh_mlp_16_8,442,0.5235278420209927,0.24884130822547434
4,2026-03-13,base_plus_crowding,tanh_mlp_16_8,442,0.527830547112462,0.2540911446022712
4,2026-03-16,base_plus_crowding,tanh_mlp_16_8,442,0.5216556481747628,0.25400255335562805
4,2026-03-17,base_plus_crowding,tanh_mlp_16_8,442,0.4655136384309965,0.26170306694262196
4,2026-03-18,base_plus_crowding,tanh_mlp_16_8,442,0.4822742549604171,0.2537478290723154
4,2026-03-19,base_plus_crowding,tanh_mlp_16_8,442,0.4509232153637616,0.25871501336417746
4,2026-03-20,base_plus_crowding,tanh_mlp_16_8,442,0.47328493076784756,0.25761988910223865
4,2026-03-23,base_plus_crowding,tanh_mlp_16_8,442,0.47379645729189307,0.2621305867837718
4,2026-03-24,base_plus_crowding,tanh_mlp_16_8,442,0.48666496203488563,0.25115465840100815
4,2026-02-25,base_plus_crowding,tanh_mlp_16_8,2025,0.5551318078415629,0.248468346567867
4,2026-02-26,base_plus_crowding,tanh_mlp_16_8,2025,0.6399183783850229,0.2495063341326285
4,2026-02-27,base_plus_crowding,tanh_mlp_16_8,2025,0.6438410128232994,0.2523543554738475
4,2026-03-02,base_plus_crowding,tanh_mlp_16_8,2025,0.650306314463985,0.2531947556857685
4,2026-03-03,base_plus_crowding,tanh_mlp_16_8,2025,0.5948,0.26152772072667235
4,2026-03-04,base_plus_crowding,tanh_mlp_16_8,2025,0.5404965404965405,0.2695417357379763
4,2026-03-05,base_plus_crowding,tanh_mlp_16_8,2025,0.4221491432949046,0.27969514620096936
4,2026-03-06,base_plus_crowding,tanh_mlp_16_8,2025,0.4373102697749012,0.27579705774669044
4,2026-03-09,base_plus_crowding,tanh_mlp_16_8,2025,0.373541811041811,0.278300643906217
4,2026-03-10,base_plus_crowding,tanh_mlp_16_8,2025,0.4181562514895848,0.26569518068706716
4,2026-03-11,base_plus_crowding,tanh_mlp_16_8,2025,0.45390886287625415,0.26715986348712906
4,2026-03-12,base_plus_crowding,tanh_mlp_16_8,2025,0.5598091976516634,0.24651818887615007
4,2026-03-13,base_plus_crowding,tanh_mlp_16_8,2025,0.5602678571428571,0.25489850781571133
4,2026-03-16,base_plus_crowding,tanh_mlp_16_8,2025,0.5377637252083932,0.2547910490188064
4,2026-03-17,base_plus_crowding,tanh_mlp_16_8,2025,0.47669973325466186,0.26253758140291905
4,2026-03-18,base_plus_crowding,tanh_mlp_16_8,2025,0.4576759454661173,0.2544055627345292
4,2026-03-19,base_plus_crowding,tanh_mlp_16_8,2025,0.4246107231948605,0.2620492340692437
4,2026-03-20,base_plus_crowding,tanh_mlp_16_8,2025,0.44960438770005395,0.2605214143845194
4,2026-03-23,base_plus_crowding,tanh_mlp_16_8,2025,0.4603482938491632,0.2673239656598418
4,2026-03-24,base_plus_crowding,tanh_mlp_16_8,2025,0.4841191315271648,0.25197009634946116
4,2026-02-25,base_plus_crowding,tanh_mlp_16_8,9001,0.5253468040501361,0.2519012351472138
4,2026-02-26,base_plus_crowding,tanh_mlp_16_8,9001,0.5493847647846984,0.2551939288705676
4,2026-02-27,base_plus_crowding,tanh_mlp_16_8,9001,0.5385242338622039,0.2593706874520066
4,2026-03-02,base_plus_crowding,tanh_mlp_16_8,9001,0.47121492946985666,0.26150577978729456
4,2026-03-03,base_plus_crowding,tanh_mlp_16_8,9001,0.5423259259259259,0.26150722814018756
4,2026-03-04,base_plus_crowding,tanh_mlp_16_8,9001,0.5023977632673284,0.2665945547807617
4,2026-03-05,base_plus_crowding,tanh_mlp_16_8,9001,0.4272127655598946,0.2741782759053156
4,2026-03-06,base_plus_crowding,tanh_mlp_16_8,9001,0.44886591442808865,0.2692088357636231
4,2026-03-09,base_plus_crowding,tanh_mlp_16_8,9001,0.4412248787248787,0.27051255810543123
4,2026-03-10,base_plus_crowding,tanh_mlp_16_8,9001,0.4451832785166119,0.26340346023673733
4,2026-03-11,base_plus_crowding,tanh_mlp_16_8,9001,0.46281877090301005,0.26641355168098146
4,2026-03-12,base_plus_crowding,tanh_mlp_16_8,9001,0.5305884184308842,0.24955408735556314
4,2026-03-13,base_plus_crowding,tanh_mlp_16_8,9001,0.507088240881459,0.2577080225283904
4,2026-03-16,base_plus_crowding,tanh_mlp_16_8,9001,0.5180339177924691,0.25634192310163895
4,2026-03-17,base_plus_crowding,tanh_mlp_16_8,9001,0.5094713033644331,0.26136174668901657
4,2026-03-18,base_plus_crowding,tanh_mlp_16_8,9001,0.5127346218693821,0.25173999594476565
4,2026-03-19,base_plus_crowding,tanh_mlp_16_8,9001,0.5020788007882356,0.2578289393167495
4,2026-03-20,base_plus_crowding,tanh_mlp_16_8,9001,0.5046754180902716,0.2577491214400964
4,2026-03-23,base_plus_crowding,tanh_mlp_16_8,9001,0.4647630949793523,0.26869751744658904
4,2026-03-24,base_plus_crowding,tanh_mlp_16_8,9001,0.45622616758012696,0.25452706412888093
4,2026-02-25,base_plus_regime,elastic_logistic_c1_l25,0,0.5031669565993131,0.25201274363921394
4,2026-02-26,base_plus_regime,elastic_logistic_c1_l25,0,0.5883762953129033,0.2562639128177924
4,2026-02-27,base_plus_regime,elastic_logistic_c1_l25,0,0.5375326016083459,0.2602553477837636
4,2026-03-02,base_plus_regime,elastic_logistic_c1_l25,0,0.5501209694534445,0.2601072237165777
4,2026-03-03,base_plus_regime,elastic_logistic_c1_l25,0,0.5592,0.2628254983088138
4,2026-03-04,base_plus_regime,elastic_logistic_c1_l25,0,0.5395232786537134,0.26624677169373967
4,2026-03-05,base_plus_regime,elastic_logistic_c1_l25,0,0.419122180907715,0.27092212719141145
4,2026-03-06,base_plus_regime,elastic_logistic_c1_l25,0,0.5193739618534852,0.2657388880264936
4,2026-03-09,base_plus_regime,elastic_logistic_c1_l25,0,0.42667186417186415,0.26684029994278463
4,2026-03-10,base_plus_regime,elastic_logistic_c1_l25,0,0.40858715858715855,0.260749817768117
4,2026-03-11,base_plus_regime,elastic_logistic_c1_l25,0,0.4594742892976589,0.2641986421405069
4,2026-03-12,base_plus_regime,elastic_logistic_c1_l25,0,0.6063422878491371,0.24785205875759506
4,2026-03-13,base_plus_regime,elastic_logistic_c1_l25,0,0.5685790273556232,0.25790938987904827
4,2026-03-16,base_plus_regime,elastic_logistic_c1_l25,0,0.537441793618856,0.25593476474379667
4,2026-03-17,base_plus_regime,elastic_logistic_c1_l25,0,0.4062027510417819,0.26126973397911324
4,2026-03-18,base_plus_regime,elastic_logistic_c1_l25,0,0.41567011690617356,0.25052504563136246
4,2026-03-19,base_plus_regime,elastic_logistic_c1_l25,0,0.42686607966648066,0.2567174934783843
4,2026-03-20,base_plus_regime,elastic_logistic_c1_l25,0,0.41242582269376016,0.25639853616784264
4,2026-03-23,base_plus_regime,elastic_logistic_c1_l25,0,0.38249836991958264,0.2657568030114343
4,2026-03-24,base_plus_regime,elastic_logistic_c1_l25,0,0.5223065891429778,0.25013620106187295
4,2026-02-25,base_plus_regime,ridge_logistic_c01,0,0.5028324189303716,0.25202462509404655
4,2026-02-26,base_plus_regime,ridge_logistic_c01,0,0.5884008801366916,0.25627744391496016
4,2026-02-27,base_plus_regime,ridge_logistic_c01,0,0.5372201695283634,0.26027367066310575
4,2026-03-02,base_plus_regime,ridge_logistic_c01,0,0.5497814060753548,0.26012277348696
4,2026-03-03,base_plus_regime,ridge_logistic_c01,0,0.5592296296296296,0.26283502273815174
4,2026-03-04,base_plus_regime,ridge_logistic_c01,0,0.5393463219550176,0.2662588469394363
4,2026-03-05,base_plus_regime,ridge_logistic_c01,0,0.41947719501485453,0.2709269737076194
4,2026-03-06,base_plus_regime,ridge_logistic_c01,0,0.5198178589839051,0.265733505604537
4,2026-03-09,base_plus_regime,ridge_logistic_c01,0,0.4267729267729268,0.26683482944655346
4,2026-03-10,base_plus_regime,ridge_logistic_c01,0,0.40909957576624245,0.26074120866876077
4,2026-03-11,base_plus_regime,ridge_logistic_c01,0,0.46003605769230765,0.2641919157160183
4,2026-03-12,base_plus_regime,ridge_logistic_c01,0,0.6064312399928837,0.24785162087691096
4,2026-03-13,base_plus_regime,ridge_logistic_c01,0,0.5687215045592705,0.25790372676371637
4,2026-03-16,base_plus_regime,ridge_logistic_c01,0,0.5370048864616269,0.2559337801438944
4,2026-03-17,base_plus_regime,ridge_logistic_c01,0,0.40648547651534706,0.2612645721586708
4,2026-03-18,base_plus_regime,ridge_logistic_c01,0,0.41561428778793863,0.2505316545363156
4,2026-03-19,base_plus_regime,ridge_logistic_c01,0,0.426535749678213,0.25671440342919727
4,2026-03-20,base_plus_regime,ridge_logistic_c01,0,0.4121336090631181,0.25639931629447926
4,2026-03-23,base_plus_regime,ridge_logistic_c01,0,0.3826206259508802,0.2657496828926661
4,2026-03-24,base_plus_regime,ridge_logistic_c01,0,0.521806316772465,0.2501443929023418
4,2026-02-25,base_plus_regime,tanh_mlp_16_8,442,0.5095343235648333,0.25104781097575907
4,2026-02-26,base_plus_regime,tanh_mlp_16_8,442,0.5960836375705277,0.2522282645477323
4,2026-02-27,base_plus_regime,tanh_mlp_16_8,442,0.581897956965877,0.2561336924492726
4,2026-03-02,base_plus_regime,tanh_mlp_16_8,442,0.5611567792413588,0.2569674810320814
4,2026-03-03,base_plus_regime,tanh_mlp_16_8,442,0.5177037037037037,0.2617860094804341
4,2026-03-04,base_plus_regime,tanh_mlp_16_8,442,0.5001150218541522,0.2656339458669798
4,2026-03-05,base_plus_regime,tanh_mlp_16_8,442,0.3809861918197276,0.2741429202787188
4,2026-03-06,base_plus_regime,tanh_mlp_16_8,442,0.3965862878744487,0.26882731307974644
4,2026-03-09,base_plus_regime,tanh_mlp_16_8,442,0.40023677523677526,0.2686973875108567
4,2026-03-10,base_plus_regime,tanh_mlp_16_8,442,0.451606368273035,0.2616094671787757
4,2026-03-11,base_plus_regime,tanh_mlp_16_8,442,0.49391199832775917,0.26249995469544585
4,2026-03-12,base_plus_regime,tanh_mlp_16_8,442,0.5551614481409002,0.2469015378622647
4,2026-03-13,base_plus_regime,tanh_mlp_16_8,442,0.5354886968085106,0.25488834379740744
4,2026-03-16,base_plus_regime,tanh_mlp_16_8,442,0.5279103190572003,0.2540064625770803
4,2026-03-17,base_plus_regime,tanh_mlp_16_8,442,0.45457339184521395,0.26015966419892755
4,2026-03-18,base_plus_regime,tanh_mlp_16_8,442,0.44953606002746793,0.25395913938028847
4,2026-03-19,base_plus_regime,tanh_mlp_16_8,442,0.4193823968288321,0.2596060920988151
4,2026-03-20,base_plus_regime,tanh_mlp_16_8,442,0.42503596475454053,0.25954288992008484
4,2026-03-23,base_plus_regime,tanh_mlp_16_8,442,0.4392523364485981,0.26321065156511525
4,2026-03-24,base_plus_regime,tanh_mlp_16_8,442,0.46752120598992786,0.2520837796932319
4,2026-02-25,base_plus_regime,tanh_mlp_16_8,2025,0.5099915250457201,0.2515041734873643
4,2026-02-26,base_plus_regime,tanh_mlp_16_8,2025,0.5780383769099335,0.2538124777093546
4,2026-02-27,base_plus_regime,tanh_mlp_16_8,2025,0.5936209519669637,0.25737539836695866
4,2026-03-02,base_plus_regime,tanh_mlp_16_8,2025,0.482038512146465,0.2606470420079136
4,2026-03-03,base_plus_regime,tanh_mlp_16_8,2025,0.4960444444444445,0.26802712806954887
4,2026-03-04,base_plus_regime,tanh_mlp_16_8,2025,0.4679089026915114,0.27334855120969004
4,2026-03-05,base_plus_regime,tanh_mlp_16_8,2025,0.3824996730133223,0.28398505064393287
4,2026-03-06,base_plus_regime,tanh_mlp_16_8,2025,0.41530156366344007,0.27786646175449353
4,2026-03-09,base_plus_regime,tanh_mlp_16_8,2025,0.437976437976438,0.2750565660263614
4,2026-03-10,base_plus_regime,tanh_mlp_16_8,2025,0.4994160827494161,0.2614777286089035
4,2026-03-11,base_plus_regime,tanh_mlp_16_8,2025,0.5071592809364549,0.2642806462629529
4,2026-03-12,base_plus_regime,tanh_mlp_16_8,2025,0.5071161714997332,0.249510597903097
4,2026-03-13,base_plus_regime,tanh_mlp_16_8,2025,0.5223689209726444,0.25676269009813313
4,2026-03-16,base_plus_regime,tanh_mlp_16_8,2025,0.5094452428858868,0.2560858289576469
4,2026-03-17,base_plus_regime,tanh_mlp_16_8,2025,0.49452373050116166,0.2611259823808344
4,2026-03-18,base_plus_regime,tanh_mlp_16_8,2025,0.49313860136892995,0.2545859379603594
4,2026-03-19,base_plus_regime,tanh_mlp_16_8,2025,0.45890808852843684,0.26048497405121224
4,2026-03-20,base_plus_regime,tanh_mlp_16_8,2025,0.46206842294551337,0.26065342897412935
4,2026-03-23,base_plus_regime,tanh_mlp_16_8,2025,0.5144533797000652,0.26401063146926984
4,2026-03-24,base_plus_regime,tanh_mlp_16_8,2025,0.47153450211781966,0.25381549221411726
4,2026-02-25,base_plus_regime,tanh_mlp_16_8,9001,0.5238525357955306,0.25052722213325024
4,2026-02-26,base_plus_regime,tanh_mlp_16_8,9001,0.5859055205221816,0.2513681049851815
4,2026-02-27,base_plus_regime,tanh_mlp_16_8,9001,0.5989866333405782,0.2541557014529369
4,2026-03-02,base_plus_regime,tanh_mlp_16_8,9001,0.5382221027462187,0.25468212054824996
4,2026-03-03,base_plus_regime,tanh_mlp_16_8,9001,0.5441925925925926,0.2590024266186247
4,2026-03-04,base_plus_regime,tanh_mlp_16_8,9001,0.5167489515315602,0.2634513560109557
4,2026-03-05,base_plus_regime,tanh_mlp_16_8,9001,0.40124068087968756,0.2741565100847133
4,2026-03-06,base_plus_regime,tanh_mlp_16_8,9001,0.4187095480840828,0.27008193386788937
4,2026-03-09,base_plus_regime,tanh_mlp_16_8,9001,0.4532368907368907,0.2677702323105453
4,2026-03-10,base_plus_regime,tanh_mlp_16_8,9001,0.4792649792649793,0.2609009459168611
4,2026-03-11,base_plus_regime,tanh_mlp_16_8,9001,0.5012541806020068,0.26152243083290794
4,2026-03-12,base_plus_regime,tanh_mlp_16_8,9001,0.5532045009784736,0.24727407014771738
4,2026-03-13,base_plus_regime,tanh_mlp_16_8,9001,0.5284360752279635,0.25523705460799123
4,2026-03-16,base_plus_regime,tanh_mlp_16_8,9001,0.5433860304685254,0.2529020135928829
4,2026-03-17,base_plus_regime,tanh_mlp_16_8,9001,0.4838416245651559,0.2597665229613542
4,2026-03-18,base_plus_regime,tanh_mlp_16_8,9001,0.49011266316059804,0.2544334575557095
4,2026-03-19,base_plus_regime,tanh_mlp_16_8,9001,0.3981843241334533,0.2631208667291578
4,2026-03-20,base_plus_regime,tanh_mlp_16_8,9001,0.43826425103398675,0.2622256820093344
4,2026-03-23,base_plus_regime,tanh_mlp_16_8,9001,0.408389480547707,0.26843177870716434
4,2026-03-24,base_plus_regime,tanh_mlp_16_8,9001,0.4526353236762237,0.25517681964053984
4,2026-02-25,graph_survivors,elastic_logistic_c1_l25,0,0.49039876890137835,0.2525425064207663
4,2026-02-26,graph_survivors,elastic_logistic_c1_l25,0,0.5841599980332142,0.2565655669273601
4,2026-02-27,graph_survivors,elastic_logistic_c1_l25,0,0.5211095414040425,0.2608520644148909
4,2026-03-02,graph_survivors,elastic_logistic_c1_l25,0,0.5570820187042828,0.2601500757082256
4,2026-03-03,graph_survivors,elastic_logistic_c1_l25,0,0.566325925925926,0.26284459337542887
4,2026-03-04,graph_survivors,elastic_logistic_c1_l25,0,0.5590416025198635,0.26637798888939007
4,2026-03-05,graph_survivors,elastic_logistic_c1_l25,0,0.41123713073861623,0.27166924542134774
4,2026-03-06,graph_survivors,elastic_logistic_c1_l25,0,0.5225671573400538,0.2661246153193873
4,2026-03-09,graph_survivors,elastic_logistic_c1_l25,0,0.42825999075999077,0.2672450777302575
4,2026-03-10,graph_survivors,elastic_logistic_c1_l25,0,0.40184231850898516,0.2610142982166761
4,2026-03-11,graph_survivors,elastic_logistic_c1_l25,0,0.4490489130434783,0.2644931700763225
4,2026-03-12,graph_survivors,elastic_logistic_c1_l25,0,0.611312488880982,0.24757249216582616
4,2026-03-13,graph_survivors,elastic_logistic_c1_l25,0,0.5622031724924013,0.25790124221283
4,2026-03-16,graph_survivors,elastic_logistic_c1_l25,0,0.5239666570853693,0.25611659543208903
4,2026-03-17,graph_survivors,elastic_logistic_c1_l25,0,0.41234895698885077,0.26130296823232513
4,2026-03-18,graph_survivors,elastic_logistic_c1_l25,0,0.4335242689176967,0.25024871480988026
4,2026-03-19,graph_survivors,elastic_logistic_c1_l25,0,0.42077206091740615,0.25682738218808565
4,2026-03-20,graph_survivors,elastic_logistic_c1_l25,0,0.43499370616795535,0.25596486801706153
4,2026-03-23,graph_survivors,elastic_logistic_c1_l25,0,0.3800260812866768,0.2660229287088824
4,2026-03-24,graph_survivors,elastic_logistic_c1_l25,0,0.5056308434592167,0.25045914707942174
4,2026-02-25,graph_survivors,ridge_logistic_c01,0,0.49033186136759,0.25255302465543894
4,2026-02-26,graph_survivors,ridge_logistic_c01,0,0.5848114958636034,0.2565830216816129
4,2026-02-27,graph_survivors,ridge_logistic_c01,0,0.5218702455987828,0.26088022639689395
4,2026-03-02,graph_survivors,ridge_logistic_c01,0,0.5579026302013328,0.26016939556164737
4,2026-03-03,graph_survivors,ridge_logistic_c01,0,0.5670666666666666,0.2628611949647501
4,2026-03-04,graph_survivors,ridge_logistic_c01,0,0.5584399497442976,0.26641008437076336
4,2026-03-05,graph_survivors,ridge_logistic_c01,0,0.4115921448457557,0.2716908750147462
4,2026-03-06,graph_survivors,ridge_logistic_c01,0,0.5226244343891402,0.2661238639647173
4,2026-03-09,graph_survivors,ridge_logistic_c01,0,0.4283899283899284,0.2672508456952176
4,2026-03-10,graph_survivors,ridge_logistic_c01,0,0.40191381858048525,0.26100793169315817
4,2026-03-11,graph_survivors,ridge_logistic_c01,0,0.44886601170568563,0.2645008120904948
4,2026-03-12,graph_survivors,ridge_logistic_c01,0,0.6114014410247287,0.24757428432001138
4,2026-03-13,graph_survivors,ridge_logistic_c01,0,0.5622981572948329,0.257899958650898
4,2026-03-16,graph_survivors,ridge_logistic_c01,0,0.523943661971831,0.2561212200561098
4,2026-03-17,graph_survivors,ridge_logistic_c01,0,0.41359049059015873,0.2612821511508942
4,2026-03-18,graph_survivors,ridge_logistic_c01,0,0.43479717281345254,0.2502189859478624
4,2026-03-19,graph_survivors,ridge_logistic_c01,0,0.4210910002164231,0.2568163740909766
4,2026-03-20,graph_survivors,ridge_logistic_c01,0,0.4354207876281244,0.2559464521996841
4,2026-03-23,graph_survivors,ridge_logistic_c01,0,0.3800124972831993,0.26601438966273655
4,2026-03-24,graph_survivors,ridge_logistic_c01,0,0.505074985269758,0.2504757510801508
4,2026-02-25,graph_survivors,tanh_mlp_16_8,442,0.5561131183371248,0.24957960339832416
4,2026-02-26,graph_survivors,tanh_mlp_16_8,442,0.5560472520313211,0.25691433281097836
4,2026-02-27,graph_survivors,tanh_mlp_16_8,442,0.5686943055857422,0.26014731666309404
4,2026-03-02,graph_survivors,tanh_mlp_16_8,442,0.4753745808514551,0.2635854763829626
4,2026-03-03,graph_survivors,tanh_mlp_16_8,442,0.49290370370370373,0.26534195048166154
4,2026-03-04,graph_survivors,tanh_mlp_16_8,442,0.4424625294190512,0.2701261889969181
4,2026-03-05,graph_survivors,tanh_mlp_16_8,442,0.4540069881724247,0.2760309590941615
4,2026-03-06,graph_survivors,tanh_mlp_16_8,442,0.4264133111862076,0.2736271919412501
4,2026-03-09,graph_survivors,tanh_mlp_16_8,442,0.43614287364287363,0.2733552199936191
4,2026-03-10,graph_survivors,tanh_mlp_16_8,442,0.4859979026645693,0.26090649616246037
4,2026-03-11,graph_survivors,tanh_mlp_16_8,442,0.4966685827759198,0.26343938911350895
4,2026-03-12,graph_survivors,tanh_mlp_16_8,442,0.4837439957302971,0.25300231739430395
4,2026-03-13,graph_survivors,tanh_mlp_16_8,442,0.4686312689969605,0.2593617963150598
4,2026-03-16,graph_survivors,tanh_mlp_16_8,442,0.4862891635527451,0.25752344917273634
4,2026-03-17,graph_survivors,tanh_mlp_16_8,442,0.5165763174392447,0.2584588710235692
4,2026-03-18,graph_survivors,tanh_mlp_16_8,442,0.5258991279491732,0.2508165942180223
4,2026-03-19,graph_survivors,tanh_mlp_16_8,442,0.5105762549691881,0.25653348383793134
4,2026-03-20,graph_survivors,tanh_mlp_16_8,442,0.575323682790865,0.25155278948669474
4,2026-03-23,graph_survivors,tanh_mlp_16_8,442,0.5526787654857639,0.2592544257361498
4,2026-03-24,graph_survivors,tanh_mlp_16_8,442,0.46430834565485657,0.25476152407950264
4,2026-02-25,graph_survivors,tanh_mlp_16_8,2025,0.5398991926490923,0.250724612441907
4,2026-02-26,graph_survivors,tanh_mlp_16_8,2025,0.576120760654448,0.25507959352590315
4,2026-02-27,graph_survivors,tanh_mlp_16_8,2025,0.5814361008476419,0.26017870610746685
4,2026-03-02,graph_survivors,tanh_mlp_16_8,2025,0.5346142418540161,0.2627771292821733
4,2026-03-03,graph_survivors,tanh_mlp_16_8,2025,0.5480148148148148,0.2687677297472344
4,2026-03-04,graph_survivors,tanh_mlp_16_8,2025,0.5029994160428943,0.2756514445616663
4,2026-03-05,graph_survivors,tanh_mlp_16_8,2025,0.4032586558044807,0.2882068001163901
4,2026-03-06,graph_survivors,tanh_mlp_16_8,2025,0.40711094564408046,0.28268490650403827
4,2026-03-09,graph_survivors,tanh_mlp_16_8,2025,0.4188467313467314,0.27898101789274155
4,2026-03-10,graph_survivors,tanh_mlp_16_8,2025,0.5084965918299251,0.2634849851733163
4,2026-03-11,graph_survivors,tanh_mlp_16_8,2025,0.4894178511705685,0.2681474996881947
4,2026-03-12,graph_survivors,tanh_mlp_16_8,2025,0.5296877779754492,0.2492166661172764
4,2026-03-13,graph_survivors,tanh_mlp_16_8,2025,0.5335771276595744,0.2568981796998356
4,2026-03-16,graph_survivors,tanh_mlp_16_8,2025,0.5289450991664271,0.25614482780855735
4,2026-03-17,graph_survivors,tanh_mlp_16_8,2025,0.4639893793561235,0.2661262450619276
4,2026-03-18,graph_survivors,tanh_mlp_16_8,2025,0.45428153507743496,0.25905560052406307
4,2026-03-19,graph_survivors,tanh_mlp_16_8,2025,0.43543187798293675,0.2643990186283185
4,2026-03-20,graph_survivors,tanh_mlp_16_8,2025,0.43845531379248337,0.2645219989572567
4,2026-03-23,graph_survivors,tanh_mlp_16_8,2025,0.4818110193436209,0.26909790153796886
4,2026-03-24,graph_survivors,tanh_mlp_16_8,2025,0.46754344031750616,0.25537620963779484
4,2026-02-25,graph_survivors,tanh_mlp_16_8,9001,0.5560462108033364,0.24908702259041424
4,2026-02-26,graph_survivors,tanh_mlp_16_8,9001,0.5674914875047634,0.2567027705972599
4,2026-02-27,graph_survivors,tanh_mlp_16_8,9001,0.5482911323625299,0.26206813028427917
4,2026-03-02,graph_survivors,tanh_mlp_16_8,9001,0.4969934492564977,0.2636156851662662
4,2026-03-03,graph_survivors,tanh_mlp_16_8,9001,0.5289925925925926,0.2668442866846733
4,2026-03-04,graph_survivors,tanh_mlp_16_8,9001,0.4699439047265134,0.2731520218359908
4,2026-03-05,graph_survivors,tanh_mlp_16_8,9001,0.4628076010388834,0.2811268957824607
4,2026-03-06,graph_survivors,tanh_mlp_16_8,9001,0.45787273039692994,0.2772163301826392
4,2026-03-09,graph_survivors,tanh_mlp_16_8,9001,0.4779683529683529,0.2732602737194213
4,2026-03-10,graph_survivors,tanh_mlp_16_8,9001,0.514049764049764,0.2620645544925587
4,2026-03-11,graph_survivors,tanh_mlp_16_8,9001,0.48207566889632103,0.267706608324538
4,2026-03-12,graph_survivors,tanh_mlp_16_8,9001,0.4986879558797367,0.2518947432235548
4,2026-03-13,graph_survivors,tanh_mlp_16_8,9001,0.4671233852583587,0.2606648341216222
4,2026-03-16,graph_survivors,tanh_mlp_16_8,9001,0.48866915780396664,0.25893294490249125
4,2026-03-17,graph_survivors,tanh_mlp_16_8,9001,0.4759007264815429,0.2635448464764218
4,2026-03-18,graph_survivors,tanh_mlp_16_8,9001,0.4988331714288905,0.2538961415998839
4,2026-03-19,graph_survivors,tanh_mlp_16_8,9001,0.4803681470765796,0.2606810549938517
4,2026-03-20,graph_survivors,tanh_mlp_16_8,9001,0.49793202661391833,0.25983575829837574
4,2026-03-23,graph_survivors,tanh_mlp_16_8,9001,0.530591175831341,0.265567778859786
4,2026-03-24,graph_survivors,tanh_mlp_16_8,9001,0.49574768485064086,0.2530420196687236
5,2026-03-25,base_only,elastic_logistic_c1_l25,0,0.50600106685633,0.25073177900764865
5,2026-03-26,base_only,elastic_logistic_c1_l25,0,0.5474144429368311,0.2429081532815807
5,2026-03-27,base_only,elastic_logistic_c1_l25,0,0.6727253778009379,0.23447628410960902
5,2026-03-30,base_only,elastic_logistic_c1_l25,0,0.6012907565178399,0.23694351712676553
5,2026-03-31,base_only,elastic_logistic_c1_l25,0,0.4765217391304347,0.24038153200711937
5,2026-04-01,base_only,elastic_logistic_c1_l25,0,0.40824216736353747,0.24247223185976954
5,2026-04-02,base_only,elastic_logistic_c1_l25,0,0.4204380936687108,0.2473362917879073
5,2026-04-06,base_only,elastic_logistic_c1_l25,0,0.5169625,0.244413783009695
5,2026-04-07,base_only,elastic_logistic_c1_l25,0,0.5327906976744186,0.24254156835052765
5,2026-04-08,base_only,elastic_logistic_c1_l25,0,0.6575570663184909,0.24545743547384063
5,2026-04-09,base_only,elastic_logistic_c1_l25,0,0.7215547783430234,0.24335053054148523
5,2026-04-10,base_only,elastic_logistic_c1_l25,0,0.7065969875809044,0.23741319738818809
5,2026-04-13,base_only,elastic_logistic_c1_l25,0,0.6640878992555634,0.24022410377822628
5,2026-04-14,base_only,elastic_logistic_c1_l25,0,0.6453231492361926,0.24353767311149055
5,2026-04-15,base_only,elastic_logistic_c1_l25,0,0.5515243369280094,0.24533253838244443
5,2026-04-16,base_only,elastic_logistic_c1_l25,0,0.4350439359471877,0.2501343091668816
5,2026-04-17,base_only,elastic_logistic_c1_l25,0,0.5283572845821243,0.25283152159839545
5,2026-04-20,base_only,elastic_logistic_c1_l25,0,0.47144206091714685,0.2559242489379994
5,2026-04-21,base_only,elastic_logistic_c1_l25,0,0.3892067419205195,0.2570907702502607
5,2026-04-22,base_only,elastic_logistic_c1_l25,0,0.3459082263732665,0.25955538326688904
5,2026-03-25,base_only,ridge_logistic_c01,0,0.50600106685633,0.25072870522867996
5,2026-03-26,base_only,ridge_logistic_c01,0,0.5474772601638273,0.24291636293918448
5,2026-03-27,base_only,ridge_logistic_c01,0,0.6726420010422096,0.23449332370262407
5,2026-03-30,base_only,ridge_logistic_c01,0,0.6014188713086926,0.23696018939370597
5,2026-03-31,base_only,ridge_logistic_c01,0,0.47647515527950307,0.24038825343501363
5,2026-04-01,base_only,ridge_logistic_c01,0,0.4081562517899078,0.24247755460581047
5,2026-04-02,base_only,ridge_logistic_c01,0,0.42035570098518105,0.24733488646358429
5,2026-04-06,base_only,ridge_logistic_c01,0,0.5173499999999999,0.24441094473007163
5,2026-04-07,base_only,ridge_logistic_c01,0,0.5329001367989057,0.24254177395293952
5,2026-04-08,base_only,ridge_logistic_c01,0,0.6581536175768763,0.2454523341270975
5,2026-04-09,base_only,ridge_logistic_c01,0,0.7219862827034884,0.24335029027963145
5,2026-04-10,base_only,ridge_logistic_c01,0,0.7073778738868616,0.23740647236696333
5,2026-04-13,base_only,ridge_logistic_c01,0,0.6647115805676826,0.24021417411337012
5,2026-04-14,base_only,ridge_logistic_c01,0,0.6455816686251469,0.24353295321861423
5,2026-04-15,base_only,ridge_logistic_c01,0,0.5516409210142815,0.2453323338689925
5,2026-04-16,base_only,ridge_logistic_c01,0,0.4346870957669834,0.2501353111269429
5,2026-04-17,base_only,ridge_logistic_c01,0,0.5277608927526923,0.2528433726411471
5,2026-04-20,base_only,ridge_logistic_c01,0,0.47088518715800687,0.25594055494499524
5,2026-04-21,base_only,ridge_logistic_c01,0,0.3886120065183,0.2571021976408294
5,2026-04-22,base_only,ridge_logistic_c01,0,0.3451776649746193,0.2595696231941404
5,2026-03-25,base_only,tanh_mlp_16_8,442,0.4563255689900426,0.2535572676624385
5,2026-03-26,base_only,tanh_mlp_16_8,442,0.43430574400723654,0.2524374673039473
5,2026-03-27,base_only,tanh_mlp_16_8,442,0.42046899426784795,0.25280740956010733
5,2026-03-30,base_only,tanh_mlp_16_8,442,0.37465569149958367,0.25694235496809953
5,2026-03-31,base_only,tanh_mlp_16_8,442,0.3996583850931677,0.255062634343592
5,2026-04-01,base_only,tanh_mlp_16_8,442,0.407383011627241,0.25333046449313573
5,2026-04-02,base_only,tanh_mlp_16_8,442,0.41964947798349794,0.25301740970266107
5,2026-04-06,base_only,tanh_mlp_16_8,442,0.4638874999999999,0.251175355568454
5,2026-04-07,base_only,tanh_mlp_16_8,442,0.4496169630642955,0.25227698172879687
5,2026-04-08,base_only,tanh_mlp_16_8,442,0.578159470532619,0.24624189577993255
5,2026-04-09,base_only,tanh_mlp_16_8,442,0.5906499818313954,0.24550529886656244
5,2026-04-10,base_only,tanh_mlp_16_8,442,0.5798981844393386,0.24544153735131924
5,2026-04-13,base_only,tanh_mlp_16_8,442,0.5371886569620086,0.24763798079812935
5,2026-04-14,base_only,tanh_mlp_16_8,442,0.5280023501762632,0.2482940678699884
5,2026-04-15,base_only,tanh_mlp_16_8,442,0.5487379772661032,0.2462981554774903
5,2026-04-16,base_only,tanh_mlp_16_8,442,0.4778424550604399,0.25099714880022855
5,2026-04-17,base_only,tanh_mlp_16_8,442,0.5150416900826921,0.24937115202210827
5,2026-04-20,base_only,tanh_mlp_16_8,442,0.4940196600648879,0.25176529142112664
5,2026-04-21,base_only,tanh_mlp_16_8,442,0.42119161185188714,0.2573374028655164
5,2026-04-22,base_only,tanh_mlp_16_8,442,0.4122507589021426,0.2595684808248859
5,2026-03-25,base_only,tanh_mlp_16_8,2025,0.45817034139402557,0.25547394601883155
5,2026-03-26,base_only,tanh_mlp_16_8,2025,0.48242373988642645,0.24838947053601526
5,2026-03-27,base_only,tanh_mlp_16_8,2025,0.5400521104742054,0.23923214556809463
5,2026-03-30,base_only,tanh_mlp_16_8,2025,0.5480750752674397,0.24122871378041955
5,2026-03-31,base_only,tanh_mlp_16_8,2025,0.4285869565217391,0.2514863271299188
5,2026-04-01,base_only,tanh_mlp_16_8,2025,0.37045363422876454,0.2552685728288108
5,2026-04-02,base_only,tanh_mlp_16_8,2025,0.3454254405065973,0.2615820166568488
5,2026-04-06,base_only,tanh_mlp_16_8,2025,0.38387499999999997,0.2612400857876685
5,2026-04-07,base_only,tanh_mlp_16_8,2025,0.4237209302325582,0.2563950255608242
5,2026-04-08,base_only,tanh_mlp_16_8,2025,0.535252802665346,0.24959174761054334
5,2026-04-09,base_only,tanh_mlp_16_8,2025,0.605502816133721,0.24331261815727573
5,2026-04-10,base_only,tanh_mlp_16_8,2025,0.521647069423796,0.2493983167980611
5,2026-04-13,base_only,tanh_mlp_16_8,2025,0.4846932682227736,0.25284835304755326
5,2026-04-14,base_only,tanh_mlp_16_8,2025,0.5330082256169213,0.2500693923013022
5,2026-04-15,base_only,tanh_mlp_16_8,2025,0.5037948120081609,0.25111740544779193
5,2026-04-16,base_only,tanh_mlp_16_8,2025,0.4684865515857085,0.25394071387896217
5,2026-04-17,base_only,tanh_mlp_16_8,2025,0.5672833205262011,0.2448627539426702
5,2026-04-20,base_only,tanh_mlp_16_8,2025,0.5552757735702871,0.2473050052729225
5,2026-04-21,base_only,tanh_mlp_16_8,2025,0.44846617739767575,0.2584855308120245
5,2026-04-22,base_only,tanh_mlp_16_8,2025,0.43501152523585795,0.26285649977341496
5,2026-03-25,base_only,tanh_mlp_16_8,9001,0.4362664473684211,0.2560688961424932
5,2026-03-26,base_only,tanh_mlp_16_8,9001,0.4557138549675863,0.2539518087664317
5,2026-03-27,base_only,tanh_mlp_16_8,9001,0.39526836894215733,0.2561523533430222
5,2026-03-30,base_only,tanh_mlp_16_8,9001,0.4753539171097303,0.25209590561718154
5,2026-03-31,base_only,tanh_mlp_16_8,9001,0.37810559006211175,0.2571108094256479
5,2026-04-01,base_only,tanh_mlp_16_8,9001,0.3783149092158772,0.2572386251760277
5,2026-04-02,base_only,tanh_mlp_16_8,9001,0.3608328723266517,0.260282959878872
5,2026-04-06,base_only,tanh_mlp_16_8,9001,0.34745,0.2611726062825329
5,2026-04-07,base_only,tanh_mlp_16_8,9001,0.3356224350205198,0.26121929846792713
5,2026-04-08,base_only,tanh_mlp_16_8,9001,0.4723222727477376,0.2526765149227727
5,2026-04-09,base_only,tanh_mlp_16_8,9001,0.5211323582848837,0.24892575108333478
5,2026-04-10,base_only,tanh_mlp_16_8,9001,0.4140499466894926,0.25457333573886326
5,2026-04-13,base_only,tanh_mlp_16_8,9001,0.4176807017078252,0.25541486143396375
5,2026-04-14,base_only,tanh_mlp_16_8,9001,0.49336075205640423,0.25070542106484695
5,2026-04-15,base_only,tanh_mlp_16_8,9001,0.5542407461381522,0.24494978601074904
5,2026-04-16,base_only,tanh_mlp_16_8,9001,0.5035572505464115,0.24956693269988567
5,2026-04-17,base_only,tanh_mlp_16_8,9001,0.5625351240380315,0.24675652176296392
5,2026-04-20,base_only,tanh_mlp_16_8,9001,0.5335940148176843,0.24940132718895788
5,2026-04-21,base_only,tanh_mlp_16_8,9001,0.5065361420703929,0.2534448306048589
5,2026-04-22,base_only,tanh_mlp_16_8,9001,0.47517980627527046,0.2579071127239821
5,2026-03-25,base_plus_crowding,elastic_logistic_c1_l25,0,0.49174297652916077,0.2509939542801856
5,2026-03-26,base_plus_crowding,elastic_logistic_c1_l25,0,0.5471883009196443,0.24280646382275634
5,2026-03-27,base_plus_crowding,elastic_logistic_c1_l25,0,0.6546534653465347,0.2342467245134439
5,2026-03-30,base_plus_crowding,elastic_logistic_c1_l25,0,0.6170488757927102,0.23616911152284728
5,2026-03-31,base_plus_crowding,elastic_logistic_c1_l25,0,0.4839751552795031,0.24009128856963197
5,2026-04-01,base_plus_crowding,elastic_logistic_c1_l25,0,0.4239503980754912,0.24231831080252686
5,2026-04-02,base_plus_crowding,elastic_logistic_c1_l25,0,0.4208618274697207,0.2473849911605668
5,2026-04-06,base_plus_crowding,elastic_logistic_c1_l25,0,0.5147499999999999,0.24444963224037006
5,2026-04-07,base_plus_crowding,elastic_logistic_c1_l25,0,0.5388508891928865,0.2424229711084045
5,2026-04-08,base_plus_crowding,elastic_logistic_c1_l25,0,0.6634663004817433,0.24532700129029972
5,2026-04-09,base_plus_crowding,elastic_logistic_c1_l25,0,0.7180800327034884,0.2433792957887663
5,2026-04-10,base_plus_crowding,elastic_logistic_c1_l25,0,0.7011307834392035,0.2374036222500221
5,2026-04-13,base_plus_crowding,elastic_logistic_c1_l25,0,0.6532464602768084,0.24065674610939916
5,2026-04-14,base_plus_crowding,elastic_logistic_c1_l25,0,0.6255581668625146,0.2438180171749122
5,2026-04-15,base_plus_crowding,elastic_logistic_c1_l25,0,0.5321130865636842,0.24575863381569002
5,2026-04-16,base_plus_crowding,elastic_logistic_c1_l25,0,0.41649939783219597,0.2504757017435093
5,2026-04-17,base_plus_crowding,elastic_logistic_c1_l25,0,0.49939787363374666,0.2530299293506855
5,2026-04-20,base_plus_crowding,elastic_logistic_c1_l25,0,0.4647111520023243,0.25583014225603024
5,2026-04-21,base_plus_crowding,elastic_logistic_c1_l25,0,0.38988474027904985,0.2567285943793784
5,2026-04-22,base_plus_crowding,elastic_logistic_c1_l25,0,0.35912131097983396,0.25928612575308363
5,2026-03-25,base_plus_crowding,ridge_logistic_c01,0,0.4912428876244666,0.2510027797373065
5,2026-03-26,base_plus_crowding,ridge_logistic_c01,0,0.5469119051208604,0.24281740150379932
5,2026-03-27,base_plus_crowding,ridge_logistic_c01,0,0.65421573736321,0.23426226615111342
5,2026-03-30,base_plus_crowding,ridge_logistic_c01,0,0.6164883735827301,0.23619276753622492
5,2026-03-31,base_plus_crowding,ridge_logistic_c01,0,0.48406832298136643,0.24009437312550885
5,2026-04-01,base_plus_crowding,ridge_logistic_c01,0,0.42422246405865177,0.24231936331933124
5,2026-04-02,base_plus_crowding,ridge_logistic_c01,0,0.4213444131875375,0.2473753027456409
5,2026-04-06,base_plus_crowding,ridge_logistic_c01,0,0.5154125,0.24442892476332834
5,2026-04-07,base_plus_crowding,ridge_logistic_c01,0,0.5402599179206566,0.24239341520962435
5,2026-04-08,base_plus_crowding,ridge_logistic_c01,0,0.6648394939444419,0.24530330275072687
5,2026-04-09,base_plus_crowding,ridge_logistic_c01,0,0.7188749091569768,0.24337273462101347
5,2026-04-10,base_plus_crowding,ridge_logistic_c01,0,0.7020318060999235,0.2373869737304216
5,2026-04-13,base_plus_crowding,ridge_logistic_c01,0,0.6541488077071087,0.24063887286730232
5,2026-04-14,base_plus_crowding,ridge_logistic_c01,0,0.6258636897767332,0.24381157901805214
5,2026-04-15,base_plus_crowding,ridge_logistic_c01,0,0.5319615272515302,0.2457567688489855
5,2026-04-16,base_plus_crowding,ridge_logistic_c01,0,0.41549578482537136,0.25049306482671274
5,2026-04-17,base_plus_crowding,ridge_logistic_c01,0,0.4980789301648106,0.25305385236018746
5,2026-04-20,base_plus_crowding,ridge_logistic_c01,0,0.4641905960970413,0.2558515388700818
5,2026-04-21,base_plus_crowding,ridge_logistic_c01,0,0.3894803202055406,0.256733396369609
5,2026-04-22,base_plus_crowding,ridge_logistic_c01,0,0.3593228451587712,0.25928864488566
5,2026-03-25,base_plus_crowding,tanh_mlp_16_8,442,0.432710259601707,0.2541367227840237
5,2026-03-26,base_plus_crowding,tanh_mlp_16_8,442,0.4574224835418865,0.25219092001662724
5,2026-03-27,base_plus_crowding,tanh_mlp_16_8,442,0.4063157894736842,0.25092466490902315
5,2026-03-30,base_plus_crowding,tanh_mlp_16_8,442,0.5052687207738134,0.24736623279547207
5,2026-03-31,base_plus_crowding,tanh_mlp_16_8,442,0.4033385093167702,0.25394517890514684
5,2026-04-01,base_plus_crowding,tanh_mlp_16_8,442,0.43451801363193765,0.25440632526702883
5,2026-04-02,base_plus_crowding,tanh_mlp_16_8,442,0.40280605939335445,0.2560610798326757
5,2026-04-06,base_plus_crowding,tanh_mlp_16_8,442,0.4703,0.25362884763359356
5,2026-04-07,base_plus_crowding,tanh_mlp_16_8,442,0.46506155950752387,0.2543504250083788
5,2026-04-08,base_plus_crowding,tanh_mlp_16_8,442,0.5816037098734862,0.24627086095377365
5,2026-04-09,base_plus_crowding,tanh_mlp_16_8,442,0.6277480014534884,0.24422769873576727
5,2026-04-10,base_plus_crowding,tanh_mlp_16_8,442,0.5909206949888123,0.24749961359201744
5,2026-04-13,base_plus_crowding,tanh_mlp_16_8,442,0.5403468729680596,0.25029011963861425
5,2026-04-14,base_plus_crowding,tanh_mlp_16_8,442,0.5272267920094007,0.24953840967930901
5,2026-04-15,base_plus_crowding,tanh_mlp_16_8,442,0.5445759253861848,0.2473550464001847
5,2026-04-16,base_plus_crowding,tanh_mlp_16_8,442,0.5277331727552522,0.24884139865247704
5,2026-04-17,base_plus_crowding,tanh_mlp_16_8,442,0.5442304825039282,0.24658856046719962
5,2026-04-20,base_plus_crowding,tanh_mlp_16_8,442,0.5004479201975691,0.2505047062859425
5,2026-04-21,base_plus_crowding,tanh_mlp_16_8,442,0.4109621629337108,0.257167715601045
5,2026-04-22,base_plus_crowding,tanh_mlp_16_8,442,0.387550226096157,0.26003708141977566
5,2026-03-25,base_plus_crowding,tanh_mlp_16_8,2025,0.44786850995732574,0.2535396846470838
5,2026-03-26,base_plus_crowding,tanh_mlp_16_8,2025,0.43625307804412283,0.24948127832554481
5,2026-03-27,base_plus_crowding,tanh_mlp_16_8,2025,0.4016050026055237,0.24326893442557804
5,2026-03-30,base_plus_crowding,tanh_mlp_16_8,2025,0.4349337005957338,0.24744087581413765
5,2026-03-31,base_plus_crowding,tanh_mlp_16_8,2025,0.40437888198757754,0.24989141627769945
5,2026-04-01,base_plus_crowding,tanh_mlp_16_8,2025,0.4216306775874907,0.2512282557131741
5,2026-04-02,base_plus_crowding,tanh_mlp_16_8,2025,0.4041008015631069,0.2555362982024686
5,2026-04-06,base_plus_crowding,tanh_mlp_16_8,2025,0.4723125,0.25129889682231893
5,2026-04-07,base_plus_crowding,tanh_mlp_16_8,2025,0.4896853625170998,0.25108587452628284
5,2026-04-08,base_plus_crowding,tanh_mlp_16_8,2025,0.5378190986448156,0.24984585940838927
5,2026-04-09,base_plus_crowding,tanh_mlp_16_8,2025,0.5365529614825582,0.24966960477708033
5,2026-04-10,base_plus_crowding,tanh_mlp_16_8,2025,0.5915964619843522,0.24573147386813574
5,2026-04-13,base_plus_crowding,tanh_mlp_16_8,2025,0.5586990273225494,0.24926098051080084
5,2026-04-14,base_plus_crowding,tanh_mlp_16_8,2025,0.5264512338425382,0.2512293941132364
5,2026-04-15,base_plus_crowding,tanh_mlp_16_8,2025,0.49706791023025354,0.25122195383228235
5,2026-04-16,base_plus_crowding,tanh_mlp_16_8,2025,0.5235960569160087,0.24820906324723363
5,2026-04-17,base_plus_crowding,tanh_mlp_16_8,2025,0.5040887247537016,0.2516699940517796
5,2026-04-20,base_plus_crowding,tanh_mlp_16_8,2025,0.460861459493487,0.2563897379218013
5,2026-04-21,base_plus_crowding,tanh_mlp_16_8,2025,0.42823327901416663,0.2590854217418851
5,2026-04-22,base_plus_crowding,tanh_mlp_16_8,2025,0.42605585015933795,0.2618690208539527
5,2026-03-25,base_plus_crowding,tanh_mlp_16_8,9001,0.4542918741109531,0.2540254014540826
5,2026-03-26,base_plus_crowding,tanh_mlp_16_8,9001,0.4723478566762149,0.24780641867845513
5,2026-03-27,base_plus_crowding,tanh_mlp_16_8,9001,0.5263366336633664,0.2404453923725047
5,2026-03-30,base_plus_crowding,tanh_mlp_16_8,9001,0.5006565883031195,0.24301139708542535
5,2026-03-31,base_plus_crowding,tanh_mlp_16_8,9001,0.40861801242236023,0.24827914343070617
5,2026-04-01,base_plus_crowding,tanh_mlp_16_8,9001,0.40597972392462345,0.2492502926156259
5,2026-04-02,base_plus_crowding,tanh_mlp_16_8,9001,0.40783201308866623,0.25313007883221744
5,2026-04-06,base_plus_crowding,tanh_mlp_16_8,9001,0.4589625,0.24946395271380217
5,2026-04-07,base_plus_crowding,tanh_mlp_16_8,9001,0.45056087551299584,0.2483264521384882
5,2026-04-08,base_plus_crowding,tanh_mlp_16_8,9001,0.6365539597496737,0.24116734867180337
5,2026-04-09,base_plus_crowding,tanh_mlp_16_8,9001,0.661677870639535,0.2391598925443347
5,2026-04-10,base_plus_crowding,tanh_mlp_16_8,9001,0.6087008754936853,0.238768151965961
5,2026-04-13,base_plus_crowding,tanh_mlp_16_8,9001,0.5702039570588782,0.24259888209447156
5,2026-04-14,base_plus_crowding,tanh_mlp_16_8,9001,0.5638190364277321,0.24503157469109488
5,2026-04-15,base_plus_crowding,tanh_mlp_16_8,9001,0.5723928883707373,0.24257343475472007
5,2026-04-16,base_plus_crowding,tanh_mlp_16_8,9001,0.48514652749899645,0.2515671517229364
5,2026-04-17,base_plus_crowding,tanh_mlp_16_8,9001,0.5359727494810245,0.25087837363320026
5,2026-04-20,base_plus_crowding,tanh_mlp_16_8,9001,0.5095637015156651,0.25500076166603525
5,2026-04-21,base_plus_crowding,tanh_mlp_16_8,9001,0.3877793769551927,0.26347363353207337
5,2026-04-22,base_plus_crowding,tanh_mlp_16_8,9001,0.37903540703606203,0.26725734918278427
5,2026-03-25,base_plus_regime,elastic_logistic_c1_l25,0,0.5058121443812233,0.25083282470760765
5,2026-03-26,base_plus_regime,elastic_logistic_c1_l25,0,0.5503668526056587,0.24282592010110715
5,2026-03-27,base_plus_regime,elastic_logistic_c1_l25,0,0.6797707139134965,0.23425646192547153
5,2026-03-30,base_plus_regime,elastic_logistic_c1_l25,0,0.5998814938184615,0.2368238249390605
5,2026-03-31,base_plus_regime,elastic_logistic_c1_l25,0,0.47936335403726715,0.24018279733650832
5,2026-04-01,base_plus_regime,elastic_logistic_c1_l25,0,0.4049057792542528,0.2423897205018515
5,2026-04-02,base_plus_regime,elastic_logistic_c1_l25,0,0.41648324485928506,0.24734215006725804
5,2026-04-06,base_plus_regime,elastic_logistic_c1_l25,0,0.5124875,0.24442953088348454
5,2026-04-07,base_plus_regime,elastic_logistic_c1_l25,0,0.5255266757865936,0.24261697196782678
5,2026-04-08,base_plus_regime,elastic_logistic_c1_l25,0,0.6551933726531899,0.24547689503963604
5,2026-04-09,base_plus_regime,elastic_logistic_c1_l25,0,0.7201694222383721,0.24337633534242428
5,2026-04-10,base_plus_regime,elastic_logistic_c1_l25,0,0.703863885510054,0.2373132511782277
5,2026-04-13,base_plus_regime,elastic_logistic_c1_l25,0,0.659523082843456,0.2401762089288339
5,2026-04-14,base_plus_regime,elastic_logistic_c1_l25,0,0.640716803760282,0.2434931151685985
5,2026-04-15,base_plus_regime,elastic_logistic_c1_l25,0,0.5523870591664238,0.24519999991243888
5,2026-04-16,base_plus_regime,elastic_logistic_c1_l25,0,0.42914492171818547,0.2501661516206345
5,2026-04-17,base_plus_regime,elastic_logistic_c1_l25,0,0.5277723618263354,0.252866308591814
5,2026-04-20,base_plus_regime,elastic_logistic_c1_l25,0,0.47334269526899425,0.2560209602971939
5,2026-04-21,base_plus_regime,elastic_logistic_c1_l25,0,0.3852220147256485,0.2573116600733445
5,2026-04-22,base_plus_regime,elastic_logistic_c1_l25,0,0.34565630864959507,0.25970168572631813
5,2026-03-25,base_plus_regime,ridge_logistic_c01,0,0.5052564900426743,0.2508438632324239
5,2026-03-26,base_plus_regime,ridge_logistic_c01,0,0.5508819538670285,0.24283881002370103
5,2026-03-27,base_plus_regime,ridge_logistic_c01,0,0.6804377279833246,0.23431585010713984
5,2026-03-30,base_plus_regime,ridge_logistic_c01,0,0.600009608609314,0.23687637079737936
5,2026-03-31,base_plus_regime,ridge_logistic_c01,0,0.4800310559006211,0.2401844534195601
5,2026-04-01,base_plus_regime,ridge_logistic_c01,0,0.40610859728506793,0.2423715390827575
5,2026-04-02,base_plus_regime,ridge_logistic_c01,0,0.4172836309278593,0.24731460051919535
5,2026-04-06,base_plus_regime,ridge_logistic_c01,0,0.51285,0.24442881076711112
5,2026-04-07,base_plus_regime,ridge_logistic_c01,0,0.5254309165526675,0.24262828119950214
5,2026-04-08,base_plus_regime,ridge_logistic_c01,0,0.6563527081175994,0.24547813067643345
5,2026-04-09,base_plus_regime,ridge_logistic_c01,0,0.7207371911337209,0.24340271521879875
5,2026-04-10,base_plus_regime,ridge_logistic_c01,0,0.7042393116186874,0.2373327788598868
5,2026-04-13,base_plus_regime,ridge_logistic_c01,0,0.660611207685877,0.24018072043607144
5,2026-04-14,base_plus_regime,ridge_logistic_c01,0,0.6410575793184489,0.24350180796176193
5,2026-04-15,base_plus_regime,ridge_logistic_c01,0,0.5531448557271933,0.24518432457790648
5,2026-04-16,base_plus_regime,ridge_logistic_c01,0,0.4300927784468531,0.25014853912530444
5,2026-04-17,base_plus_regime,ridge_logistic_c01,0,0.5288045784541983,0.25286530472177066
5,2026-04-20,base_plus_regime,ridge_logistic_c01,0,0.47420221781027555,0.2560245668756753
5,2026-04-21,base_plus_regime,ridge_logistic_c01,0,0.38567401363133547,0.2573135475253009
5,2026-04-22,base_plus_regime,ridge_logistic_c01,0,0.3452658361779043,0.25971511919969764
5,2026-03-25,base_plus_regime,tanh_mlp_16_8,442,0.4548141891891892,0.25317729237757336
5,2026-03-26,base_plus_regime,tanh_mlp_16_8,442,0.4282250364339917,0.25174181425977327
5,2026-03-27,base_plus_regime,tanh_mlp_16_8,442,0.3929546638874414,0.25008472722404546
5,2026-03-30,base_plus_regime,tanh_mlp_16_8,442,0.43155467298699635,0.2505562615591227
5,2026-03-31,base_plus_regime,tanh_mlp_16_8,442,0.35253105590062106,0.2564937830248125
5,2026-04-01,base_plus_regime,tanh_mlp_16_8,442,0.3440489145999198,0.25579518530935397
5,2026-04-02,base_plus_regime,tanh_mlp_16_8,442,0.3415294436139785,0.2584772116616161
5,2026-04-06,base_plus_regime,tanh_mlp_16_8,442,0.39148750000000004,0.25727111451305595
5,2026-04-07,base_plus_regime,tanh_mlp_16_8,442,0.3992476060191519,0.2575345188763153
5,2026-04-08,base_plus_regime,tanh_mlp_16_8,442,0.5487033451893206,0.24777892283701927
5,2026-04-09,base_plus_regime,tanh_mlp_16_8,442,0.626930414244186,0.2441294635303315
5,2026-04-10,base_plus_regime,tanh_mlp_16_8,442,0.5407637668754035,0.24744995364337485
5,2026-04-13,base_plus_regime,tanh_mlp_16_8,442,0.5142982258257143,0.24938179517858902
5,2026-04-14,base_plus_regime,tanh_mlp_16_8,442,0.5486603995299648,0.24846990146437298
5,2026-04-15,base_plus_regime,tanh_mlp_16_8,442,0.5653512095598952,0.24641124392962818
5,2026-04-16,base_plus_regime,tanh_mlp_16_8,442,0.5467126098398679,0.24704207377063236
5,2026-04-17,base_plus_regime,tanh_mlp_16_8,442,0.5801974974481311,0.2434639043461318
5,2026-04-20,base_plus_regime,tanh_mlp_16_8,442,0.5286063628879958,0.24878578492069672
5,2026-04-21,base_plus_regime,tanh_mlp_16_8,442,0.41880077553496453,0.256989128622077
5,2026-04-22,base_plus_regime,tanh_mlp_16_8,442,0.39180763562620446,0.260752329667115
5,2026-03-25,base_plus_regime,tanh_mlp_16_8,2025,0.4586370910384068,0.2545133747334528
5,2026-03-26,base_plus_regime,tanh_mlp_16_8,2025,0.4437408915020855,0.2500557287575239
5,2026-03-27,base_plus_regime,tanh_mlp_16_8,2025,0.3969567483064096,0.24689051221619118
5,2026-03-30,base_plus_regime,tanh_mlp_16_8,2025,0.4096150150534879,0.2508513204745615
5,2026-03-31,base_plus_regime,tanh_mlp_16_8,2025,0.349751552795031,0.2543038057220186
5,2026-04-01,base_plus_regime,tanh_mlp_16_8,2025,0.3610745174408615,0.25424157817148246
5,2026-04-02,base_plus_regime,tanh_mlp_16_8,2025,0.3805247236902506,0.2554590202237097
5,2026-04-06,base_plus_regime,tanh_mlp_16_8,2025,0.4326375,0.25359388270926525
5,2026-04-07,base_plus_regime,tanh_mlp_16_8,2025,0.4570177838577292,0.2518597804759646
5,2026-04-08,base_plus_regime,tanh_mlp_16_8,2025,0.5327427851064788,0.24900303011576522
5,2026-04-09,base_plus_regime,tanh_mlp_16_8,2025,0.5514285065406976,0.24827913108695243
5,2026-04-10,base_plus_regime,tanh_mlp_16_8,2025,0.5454490847111471,0.2454497869845097
5,2026-04-13,base_plus_regime,tanh_mlp_16_8,2025,0.5350920261680754,0.24738383597922942
5,2026-04-14,base_plus_regime,tanh_mlp_16_8,2025,0.5238660399529964,0.24958842553787552
5,2026-04-15,base_plus_regime,tanh_mlp_16_8,2025,0.5294433109880501,0.24733010604471986
5,2026-04-16,base_plus_regime,tanh_mlp_16_8,2025,0.529205138498595,0.24704838543863578
5,2026-04-17,base_plus_regime,tanh_mlp_16_8,2025,0.5036414308816277,0.2503161348955704
5,2026-04-20,base_plus_regime,tanh_mlp_16_8,2025,0.4898915306764805,0.2541691476819247
5,2026-04-21,base_plus_regime,tanh_mlp_16_8,2025,0.44603965695662,0.2588341704236841
5,2026-04-22,base_plus_regime,tanh_mlp_16_8,2025,0.46128654381479006,0.2618539704187388
5,2026-03-25,base_plus_regime,tanh_mlp_16_8,9001,0.47192834281650076,0.25265441578381076
5,2026-03-26,base_plus_regime,tanh_mlp_16_8,9001,0.46651841801095534,0.24477173822041975
5,2026-03-27,base_plus_regime,tanh_mlp_16_8,9001,0.5598749348619072,0.23411040048242313
5,2026-03-30,base_plus_regime,tanh_mlp_16_8,9001,0.4406027800909615,0.24300468592230867
5,2026-03-31,base_plus_regime,tanh_mlp_16_8,9001,0.39759316770186337,0.24369873626824898
5,2026-04-01,base_plus_regime,tanh_mlp_16_8,9001,0.3948679764018558,0.24493867545405143
5,2026-04-02,base_plus_regime,tanh_mlp_16_8,9001,0.42498146164620587,0.2495022135955375
5,2026-04-06,base_plus_regime,tanh_mlp_16_8,9001,0.47737499999999994,0.24570050330018764
5,2026-04-07,base_plus_regime,tanh_mlp_16_8,9001,0.5164569083447332,0.24172632269623961
5,2026-04-08,base_plus_regime,tanh_mlp_16_8,9001,0.6735288820854531,0.2401271558757664
5,2026-04-09,base_plus_regime,tanh_mlp_16_8,9001,0.6902025799418605,0.2381301165919236
5,2026-04-10,base_plus_regime,tanh_mlp_16_8,9001,0.6844468471715396,0.23477227223182312
5,2026-04-13,base_plus_regime,tanh_mlp_16_8,9001,0.6052760785042265,0.24015670122980884
5,2026-04-14,base_plus_regime,tanh_mlp_16_8,9001,0.5932784958871915,0.24317095700309574
5,2026-04-15,base_plus_regime,tanh_mlp_16_8,9001,0.5431885747595453,0.24402358042661215
5,2026-04-16,base_plus_regime,tanh_mlp_16_8,9001,0.4434965877157768,0.25272617825938193
5,2026-04-17,base_plus_regime,tanh_mlp_16_8,9001,0.5070018694590038,0.25258739430253346
5,2026-04-20,base_plus_regime,tanh_mlp_16_8,9001,0.447883879715268,0.2577049591999909
5,2026-04-21,base_plus_regime,tanh_mlp_16_8,9001,0.37558730120969175,0.26238852735790347
5,2026-04-22,base_plus_regime,tanh_mlp_16_8,9001,0.38948999256842715,0.26391081080644996
5,2026-03-25,graph_survivors,elastic_logistic_c1_l25,0,0.49623266358463736,0.2509732104559509
5,2026-03-26,graph_survivors,elastic_logistic_c1_l25,0,0.5446379215035931,0.24292101188783466
5,2026-03-27,graph_survivors,elastic_logistic_c1_l25,0,0.6576341844710788,0.23437699933830544
5,2026-03-30,graph_survivors,elastic_logistic_c1_l25,0,0.6065915059893665,0.23638352605909038
5,2026-03-31,graph_survivors,elastic_logistic_c1_l25,0,0.48211180124223596,0.2402120144034664
5,2026-04-01,graph_survivors,elastic_logistic_c1_l25,0,0.4226187066842316,0.2425236912350426
5,2026-04-02,graph_survivors,elastic_logistic_c1_l25,0,0.4175190385950871,0.24768267457721976
5,2026-04-06,graph_survivors,elastic_logistic_c1_l25,0,0.5067125,0.24473572454752837
5,2026-04-07,graph_survivors,elastic_logistic_c1_l25,0,0.5305198358413132,0.24278216162097355
5,2026-04-08,graph_survivors,elastic_logistic_c1_l25,0,0.6514452298410698,0.24551271426600826
5,2026-04-09,graph_survivors,elastic_logistic_c1_l25,0,0.705078125,0.24353765235295366
5,2026-04-10,graph_survivors,elastic_logistic_c1_l25,0,0.6962051928939346,0.23749627504907891
5,2026-04-13,graph_survivors,elastic_logistic_c1_l25,0,0.6572406746374022,0.24060791744355048
5,2026-04-14,graph_survivors,elastic_logistic_c1_l25,0,0.6201997649823736,0.243861723583255
5,2026-04-15,graph_survivors,elastic_logistic_c1_l25,0,0.5308423200233169,0.24572150649840968
5,2026-04-16,graph_survivors,elastic_logistic_c1_l25,0,0.41047771979124853,0.250578220575152
5,2026-04-17,graph_survivors,elastic_logistic_c1_l25,0,0.4933995481184985,0.25312068018755
5,2026-04-20,graph_survivors,elastic_logistic_c1_l25,0,0.45948138104692265,0.25592218573066516
5,2026-04-21,graph_survivors,elastic_logistic_c1_l25,0,0.3937148362693438,0.25682257117957463
5,2026-04-22,graph_survivors,elastic_logistic_c1_l25,0,0.37244775856205364,0.2591197454643246
5,2026-03-25,graph_survivors,ridge_logistic_c01,0,0.4959992887624467,0.2509879027942984
5,2026-03-26,graph_survivors,ridge_logistic_c01,0,0.5449143173023769,0.24292293895660186
5,2026-03-27,graph_survivors,ridge_logistic_c01,0,0.6570713913496613,0.23438371406400427
5,2026-03-30,graph_survivors,ridge_logistic_c01,0,0.6059509320351034,0.2364068570347409
5,2026-03-31,graph_survivors,ridge_logistic_c01,0,0.48299689440993787,0.24019210147549572
5,2026-04-01,graph_survivors,ridge_logistic_c01,0,0.4236067357809726,0.24249901969112728
5,2026-04-02,graph_survivors,ridge_logistic_c01,0,0.418860862298285,0.24765216756243083
5,2026-04-06,graph_survivors,ridge_logistic_c01,0,0.5081625,0.24470781953493542
5,2026-04-07,graph_survivors,ridge_logistic_c01,0,0.5325170998632012,0.24273797266630576
5,2026-04-08,graph_survivors,ridge_logistic_c01,0,0.6528071676196479,0.2455003154176262
5,2026-04-09,graph_survivors,ridge_logistic_c01,0,0.705055414244186,0.24355537099667846
5,2026-04-10,graph_survivors,ridge_logistic_c01,0,0.6967908576234025,0.23750063839609392
5,2026-04-13,graph_survivors,ridge_logistic_c01,0,0.6583022598495203,0.240603380806978
5,2026-04-14,graph_survivors,ridge_logistic_c01,0,0.6196239717978849,0.24387246567843401
5,2026-04-15,graph_survivors,ridge_logistic_c01,0,0.5306208102593997,0.24571249251092003
5,2026-04-16,graph_survivors,ridge_logistic_c01,0,0.40913956911548244,0.25059872257918653
5,2026-04-17,graph_survivors,ridge_logistic_c01,0,0.49344542441307016,0.2531423849711799
5,2026-04-20,graph_survivors,ridge_logistic_c01,0,0.45962665246235046,0.2559309567737025
5,2026-04-21,graph_survivors,ridge_logistic_c01,0,0.39435715050374087,0.2568121863916742
5,2026-04-22,graph_survivors,ridge_logistic_c01,0,0.37398445667644953,0.2590882816598467
5,2026-03-25,graph_survivors,tanh_mlp_16_8,442,0.4281094416785206,0.2562699052351969
5,2026-03-26,graph_survivors,tanh_mlp_16_8,442,0.45851550329162266,0.25324588199847736
5,2026-03-27,graph_survivors,tanh_mlp_16_8,442,0.448441896821261,0.24998748906909224
5,2026-03-30,graph_survivors,tanh_mlp_16_8,442,0.44949074370636094,0.251313586165365
5,2026-03-31,graph_survivors,tanh_mlp_16_8,442,0.42392857142857143,0.2552746391477768
5,2026-04-01,graph_survivors,tanh_mlp_16_8,442,0.4199839624262558,0.25632332457899043
5,2026-04-02,graph_survivors,tanh_mlp_16_8,442,0.4134347155686861,0.25791852609225024
5,2026-04-06,graph_survivors,tanh_mlp_16_8,442,0.430025,0.25815619509202387
5,2026-04-07,graph_survivors,tanh_mlp_16_8,442,0.4477428180574555,0.25778270935620784
5,2026-04-08,graph_survivors,tanh_mlp_16_8,442,0.5230403853946243,0.2513702375352951
5,2026-04-09,graph_survivors,tanh_mlp_16_8,442,0.5413562863372093,0.2500931514193175
5,2026-04-10,graph_survivors,tanh_mlp_16_8,442,0.5095433316814584,0.2545816392157368
5,2026-04-13,graph_survivors,tanh_mlp_16_8,442,0.4933717273318383,0.25391495741292114
5,2026-04-14,graph_survivors,tanh_mlp_16_8,442,0.5324206815511163,0.25025455296461546
5,2026-04-15,graph_survivors,tanh_mlp_16_8,442,0.5338618478577675,0.24895688879152053
5,2026-04-16,graph_survivors,tanh_mlp_16_8,442,0.5188456220170391,0.2502226613996699
5,2026-04-17,graph_survivors,tanh_mlp_16_8,442,0.5507334472594648,0.2473459293348671
5,2026-04-20,graph_survivors,tanh_mlp_16_8,442,0.528146336739141,0.24992897978383571
5,2026-04-21,graph_survivors,tanh_mlp_16_8,442,0.4727908553484555,0.25510927786163107
5,2026-04-22,graph_survivors,tanh_mlp_16_8,442,0.45291027950271445,0.2600955278502765
5,2026-03-25,graph_survivors,tanh_mlp_16_8,2025,0.5142914295874822,0.24993027200500365
5,2026-03-26,graph_survivors,tanh_mlp_16_8,2025,0.48901954872104125,0.2548868993389237
5,2026-03-27,graph_survivors,tanh_mlp_16_8,2025,0.4707660239708181,0.258678233027886
5,2026-03-30,graph_survivors,tanh_mlp_16_8,2025,0.4257895073986292,0.26178844398929785
5,2026-03-31,graph_survivors,tanh_mlp_16_8,2025,0.42574534161490685,0.26493959405213724
5,2026-04-01,graph_survivors,tanh_mlp_16_8,2025,0.45652671974339887,0.26208714413598494
5,2026-04-02,graph_survivors,tanh_mlp_16_8,2025,0.41831942466366123,0.2616082092396379
5,2026-04-06,graph_survivors,tanh_mlp_16_8,2025,0.3851375,0.26611841145859993
5,2026-04-07,graph_survivors,tanh_mlp_16_8,2025,0.3778932968536251,0.2663598446100096
5,2026-04-08,graph_survivors,tanh_mlp_16_8,2025,0.4656476520642925,0.25529365476634686
5,2026-04-09,graph_survivors,tanh_mlp_16_8,2025,0.5422874273255813,0.2509431754347606
5,2026-04-10,graph_survivors,tanh_mlp_16_8,2025,0.5158504903064978,0.25681377166762126
5,2026-04-13,graph_survivors,tanh_mlp_16_8,2025,0.4767446489470402,0.2590918337023647
5,2026-04-14,graph_survivors,tanh_mlp_16_8,2025,0.4875440658049353,0.25621745835073073
5,2026-04-15,graph_survivors,tanh_mlp_16_8,2025,0.461229962110172,0.2571245073170259
5,2026-04-16,graph_survivors,tanh_mlp_16_8,2025,0.5416722422944824,0.2498651018154975
5,2026-04-17,graph_survivors,tanh_mlp_16_8,2025,0.4906010941496255,0.24956895892687803
5,2026-04-20,graph_survivors,tanh_mlp_16_8,2025,0.481247881458525,0.2499843812325735
5,2026-04-21,graph_survivors,tanh_mlp_16_8,2025,0.4803558896646881,0.2519126579720438
5,2026-04-22,graph_survivors,tanh_mlp_16_8,2025,0.45507677192628887,0.25457905714672935
5,2026-03-25,graph_survivors,tanh_mlp_16_8,9001,0.5002000355618776,0.2517586627314197
5,2026-03-26,graph_survivors,tanh_mlp_16_8,9001,0.47317704407256644,0.2491351906314581
5,2026-03-27,graph_survivors,tanh_mlp_16_8,9001,0.4611151641479937,0.24476049591534513
5,2026-03-30,graph_survivors,tanh_mlp_16_8,9001,0.43213118954583307,0.2483789640404684
5,2026-03-31,graph_survivors,tanh_mlp_16_8,9001,0.37597826086956515,0.25198001712170603
5,2026-04-01,graph_survivors,tanh_mlp_16_8,9001,0.38706397846382956,0.2520211483423746
5,2026-04-02,graph_survivors,tanh_mlp_16_8,9001,0.40931508139220096,0.25455711725606783
5,2026-04-06,graph_survivors,tanh_mlp_16_8,9001,0.4308125,0.2533383588609549
5,2026-04-07,graph_survivors,tanh_mlp_16_8,9001,0.4386867305061559,0.2521511615988461
5,2026-04-08,graph_survivors,tanh_mlp_16_8,9001,0.5684908378731259,0.24586012576461796
5,2026-04-09,graph_survivors,tanh_mlp_16_8,9001,0.6080691315406976,0.24255386997114273
5,2026-04-10,graph_survivors,tanh_mlp_16_8,9001,0.5424006247090448,0.24446708380144608
5,2026-04-13,graph_survivors,tanh_mlp_16_8,9001,0.5206942767287251,0.2488250248671334
5,2026-04-14,graph_survivors,tanh_mlp_16_8,9001,0.5464982373678026,0.24795461456533918
5,2026-04-15,graph_survivors,tanh_mlp_16_8,9001,0.5060798600990964,0.2483239188219666
5,2026-04-16,graph_survivors,tanh_mlp_16_8,9001,0.47821044649627553,0.2520242174820215
5,2026-04-17,graph_survivors,tanh_mlp_16_8,9001,0.5269465885240449,0.24984453418477032
5,2026-04-20,graph_survivors,tanh_mlp_16_8,9001,0.4952060432908818,0.25391460014474865
5,2026-04-21,graph_survivors,tanh_mlp_16_8,9001,0.44109145841015335,0.25814594657221734
5,2026-04-22,graph_survivors,tanh_mlp_16_8,9001,0.39636734642465765,0.26486221868894944
6,2026-04-23,base_only,elastic_logistic_c1_l25,0,0.4437049300547784,0.25206153030926565
6,2026-04-24,base_only,elastic_logistic_c1_l25,0,0.44835372636262516,0.2510222025499048
6,2026-04-27,base_only,elastic_logistic_c1_l25,0,0.4712723214285714,0.2529957294867304
6,2026-04-28,base_only,elastic_logistic_c1_l25,0,0.4723015864192728,0.25080646701488757
6,2026-04-29,base_only,elastic_logistic_c1_l25,0,0.5659788839322497,0.24359208796632997
6,2026-04-30,base_only,elastic_logistic_c1_l25,0,0.6521646286639093,0.2500637450664451
6,2026-05-01,base_only,elastic_logistic_c1_l25,0,0.5889606576629477,0.25188880268286545
6,2026-05-04,base_only,elastic_logistic_c1_l25,0,0.5366306927589449,0.25204498215567056
6,2026-05-05,base_only,elastic_logistic_c1_l25,0,0.5377565982404692,0.25410205143625236
6,2026-05-06,base_only,elastic_logistic_c1_l25,0,0.4528875,0.2590938017065255
6,2026-05-07,base_only,elastic_logistic_c1_l25,0,0.432847138587805,0.2535333410035706
6,2026-05-08,base_only,elastic_logistic_c1_l25,0,0.4475579975579976,0.2588585369645907
6,2026-05-11,base_only,elastic_logistic_c1_l25,0,0.5102308143999278,0.2532097486320127
6,2026-05-12,base_only,elastic_logistic_c1_l25,0,0.49794841394381095,0.25540526282376247
6,2026-05-13,base_only,elastic_logistic_c1_l25,0,0.5771178921596155,0.24636683524768538
6,2026-05-14,base_only,elastic_logistic_c1_l25,0,0.5916876461068153,0.24617479040818893
6,2026-05-15,base_only,elastic_logistic_c1_l25,0,0.5918555129081444,0.2394375092224857
6,2026-05-18,base_only,elastic_logistic_c1_l25,0,0.6477486447615887,0.24035317336899784
6,2026-05-19,base_only,elastic_logistic_c1_l25,0,0.664177927335822,0.23811646907114625
6,2026-05-20,base_only,elastic_logistic_c1_l25,0,0.6268155111633373,0.24266092578071294
6,2026-04-23,base_only,ridge_logistic_c01,0,0.4436382626473627,0.25206397816891096
6,2026-04-24,base_only,ridge_logistic_c01,0,0.4481535038932147,0.25102711242897063
6,2026-04-27,base_only,ridge_logistic_c01,0,0.4709598214285714,0.25300320282497096
6,2026-04-28,base_only,ridge_logistic_c01,0,0.47224600060032684,0.2508082827182641
6,2026-04-29,base_only,ridge_logistic_c01,0,0.5662966842830071,0.2435850547607826
6,2026-04-30,base_only,ridge_logistic_c01,0,0.6523219744650243,0.25006295071273665
6,2026-05-01,base_only,ridge_logistic_c01,0,0.588983242242197,0.25188864185332194
6,2026-05-04,base_only,ridge_logistic_c01,0,0.5366642783574403,0.2520435314611505
6,2026-05-05,base_only,ridge_logistic_c01,0,0.5374816715542522,0.25410511770982974
6,2026-05-06,base_only,ridge_logistic_c01,0,0.4526375,0.2591006923428443
6,2026-05-07,base_only,ridge_logistic_c01,0,0.43266871849770283,0.25353872699460533
6,2026-05-08,base_only,ridge_logistic_c01,0,0.44721611721611715,0.25886274021689437
6,2026-05-11,base_only,ridge_logistic_c01,0,0.5103324450065495,0.2532043001867665
6,2026-05-12,base_only,ridge_logistic_c01,0,0.4980297799630366,0.2554039800521181
6,2026-05-13,base_only,ridge_logistic_c01,0,0.5771628162939836,0.2463667187257448
6,2026-05-14,base_only,ridge_logistic_c01,0,0.5918562308937242,0.24617316890982247
6,2026-05-15,base_only,ridge_logistic_c01,0,0.5920658289079341,0.23943430457455592
6,2026-05-18,base_only,ridge_logistic_c01,0,0.6483263881206132,0.24034458711165863
6,2026-05-19,base_only,ridge_logistic_c01,0,0.6645854145854145,0.23810848900556356
6,2026-05-20,base_only,ridge_logistic_c01,0,0.6270152761457108,0.24265736304027474
6,2026-04-23,base_only,tanh_mlp_16_8,442,0.47251636129290325,0.25321944158081117
6,2026-04-24,base_only,tanh_mlp_16_8,442,0.4882313681868743,0.2513527340988017
6,2026-04-27,base_only,tanh_mlp_16_8,442,0.5484375,0.2504017653526064
6,2026-04-28,base_only,tanh_mlp_16_8,442,0.5002279018576781,0.25091930759902414
6,2026-04-29,base_only,tanh_mlp_16_8,442,0.5074800786261608,0.24705500333072122
6,2026-04-30,base_only,tanh_mlp_16_8,442,0.6212012228016544,0.2477381619653899
6,2026-05-01,base_only,tanh_mlp_16_8,442,0.5704638872577803,0.25078229451801043
6,2026-05-04,base_only,tanh_mlp_16_8,442,0.5091464779902378,0.25317962203524635
6,2026-05-05,base_only,tanh_mlp_16_8,442,0.540345491202346,0.25255509651337743
6,2026-05-06,base_only,tanh_mlp_16_8,442,0.4685125,0.25993419342068447
6,2026-05-07,base_only,tanh_mlp_16_8,442,0.4551050448280476,0.25480796778743686
6,2026-05-08,base_only,tanh_mlp_16_8,442,0.41582417582417586,0.2611062439398154
6,2026-05-11,base_only,tanh_mlp_16_8,442,0.41605311893039437,0.2577487661186503
6,2026-05-12,base_only,tanh_mlp_16_8,442,0.4180934779323732,0.2592587462738684
6,2026-05-13,base_only,tanh_mlp_16_8,442,0.4877750199350846,0.25025638893085134
6,2026-05-14,base_only,tanh_mlp_16_8,442,0.4620009890307498,0.2518562055799269
6,2026-05-15,base_only,tanh_mlp_16_8,442,0.5041537409958462,0.24301551636968094
6,2026-05-18,base_only,tanh_mlp_16_8,442,0.5444923848508316,0.2433535406053906
6,2026-05-19,base_only,tanh_mlp_16_8,442,0.5650139334349861,0.24106136988785706
6,2026-05-20,base_only,tanh_mlp_16_8,442,0.5937250293772034,0.24198344858991022
6,2026-04-23,base_only,tanh_mlp_16_8,2025,0.479383104256714,0.25471634602299137
6,2026-04-24,base_only,tanh_mlp_16_8,2025,0.4973637374860957,0.25221642676878814
6,2026-04-27,base_only,tanh_mlp_16_8,2025,0.5736272321428572,0.24791014785250742
6,2026-04-28,base_only,tanh_mlp_16_8,2025,0.5605273982501584,0.24744722195675115
6,2026-04-29,base_only,tanh_mlp_16_8,2025,0.5058086841888441,0.24837047844517912
6,2026-04-30,base_only,tanh_mlp_16_8,2025,0.6029491098723251,0.24677219092286345
6,2026-05-01,base_only,tanh_mlp_16_8,2025,0.5824450065495279,0.248101054826314
6,2026-05-04,base_only,tanh_mlp_16_8,2025,0.4853902646545162,0.2534696307382155
6,2026-05-05,base_only,tanh_mlp_16_8,2025,0.5430145711143696,0.2515464824779849
6,2026-05-06,base_only,tanh_mlp_16_8,2025,0.4791625,0.2587978476162675
6,2026-05-07,base_only,tanh_mlp_16_8,2025,0.47407333065703194,0.25406624357272617
6,2026-05-08,base_only,tanh_mlp_16_8,2025,0.4085714285714286,0.2617014248384307
6,2026-05-11,base_only,tanh_mlp_16_8,2025,0.40786620895252723,0.2591669466650857
6,2026-05-12,base_only,tanh_mlp_16_8,2025,0.40402878032337175,0.2601088878131514
6,2026-05-13,base_only,tanh_mlp_16_8,2025,0.45848448432709266,0.2524997066941374
6,2026-05-14,base_only,tanh_mlp_16_8,2025,0.45352679374213273,0.25330575520210025
6,2026-05-15,base_only,tanh_mlp_16_8,2025,0.5242783532257216,0.2467546544423972
6,2026-05-18,base_only,tanh_mlp_16_8,2025,0.49870315054516845,0.249185343282257
6,2026-05-19,base_only,tanh_mlp_16_8,2025,0.47502497502497504,0.24889531664810516
6,2026-05-20,base_only,tanh_mlp_16_8,2025,0.538096357226792,0.24565029792167203
6,2026-04-23,base_only,tanh_mlp_16_8,9001,0.4951499461105124,0.25275179660507985
6,2026-04-24,base_only,tanh_mlp_16_8,9001,0.5190322580645161,0.24993143673646373
6,2026-04-27,base_only,tanh_mlp_16_8,9001,0.5992633928571429,0.24878745367438956
6,2026-04-28,base_only,tanh_mlp_16_8,9001,0.5670309390668253,0.24801300790346392
6,2026-04-29,base_only,tanh_mlp_16_8,9001,0.4673666121305571,0.24678781653043497
6,2026-04-30,base_only,tanh_mlp_16_8,9001,0.5772680273332135,0.25047206155811325
6,2026-05-01,base_only,tanh_mlp_16_8,9001,0.5462645105921677,0.25196547175094075
6,2026-05-04,base_only,tanh_mlp_16_8,9001,0.44701312077381217,0.2550202286187989
6,2026-05-05,base_only,tanh_mlp_16_8,9001,0.5245601173020528,0.25366162437306167
6,2026-05-06,base_only,tanh_mlp_16_8,9001,0.528875,0.25878051711736855
6,2026-05-07,base_only,tanh_mlp_16_8,9001,0.48433248583790534,0.25365167697439955
6,2026-05-08,base_only,tanh_mlp_16_8,9001,0.4303052503052503,0.26229279999484834
6,2026-05-11,base_only,tanh_mlp_16_8,9001,0.4098536519264646,0.2590163954659043
6,2026-05-12,base_only,tanh_mlp_16_8,9001,0.41572223965779775,0.2606604085874173
6,2026-05-13,base_only,tanh_mlp_16_8,9001,0.4557665741978235,0.25124640449996055
6,2026-05-14,base_only,tanh_mlp_16_8,9001,0.4715316489839957,0.2508171710401811
6,2026-05-15,base_only,tanh_mlp_16_8,9001,0.5227009832272991,0.24069671549555655
6,2026-05-18,base_only,tanh_mlp_16_8,9001,0.543816302196654,0.24152870948307964
6,2026-05-19,base_only,tanh_mlp_16_8,9001,0.4990272885009728,0.241058556776831
6,2026-05-20,base_only,tanh_mlp_16_8,9001,0.5371915393654524,0.24268514437376576
6,2026-04-23,base_plus_crowding,elastic_logistic_c1_l25,0,0.43506038955988396,0.2521864971186855
6,2026-04-24,base_plus_crowding,elastic_logistic_c1_l25,0,0.4453726362625139,0.2512104295408118
6,2026-04-27,base_plus_crowding,elastic_logistic_c1_l25,0,0.4830580357142856,0.2528176158138777
6,2026-04-28,base_plus_crowding,elastic_logistic_c1_l25,0,0.49052261786972906,0.2505621288944234
6,2026-04-29,base_plus_crowding,elastic_logistic_c1_l25,0,0.5705457926764674,0.24344014467729233
6,2026-04-30,base_plus_crowding,elastic_logistic_c1_l25,0,0.6541539291494337,0.24998390277568963
6,2026-05-01,base_plus_crowding,elastic_logistic_c1_l25,0,0.6048602014544469,0.25144859719060764
6,2026-05-04,base_plus_crowding,elastic_logistic_c1_l25,0,0.5493708297881867,0.25174704327486536
6,2026-05-05,base_plus_crowding,elastic_logistic_c1_l25,0,0.5453399926686218,0.25384506145354635
6,2026-05-06,base_plus_crowding,elastic_logistic_c1_l25,0,0.48426250000000004,0.25864982155129335
6,2026-05-07,base_plus_crowding,elastic_logistic_c1_l25,0,0.44523618359427264,0.2533120079888157
6,2026-05-08,base_plus_crowding,elastic_logistic_c1_l25,0,0.4575213675213676,0.2588658330667462
6,2026-05-11,base_plus_crowding,elastic_logistic_c1_l25,0,0.47798003523194355,0.25403360318752677
6,2026-05-12,base_plus_crowding,elastic_logistic_c1_l25,0,0.485906243098418,0.2557598738707537
6,2026-05-13,base_plus_crowding,elastic_logistic_c1_l25,0,0.5843282157256933,0.24598751561812815
6,2026-05-14,base_plus_crowding,elastic_logistic_c1_l25,0,0.5751888149613379,0.2463487685095509
6,2026-05-15,base_plus_crowding,elastic_logistic_c1_l25,0,0.5879778116620222,0.23945250149770422
6,2026-05-18,base_plus_crowding,elastic_logistic_c1_l25,0,0.6415409767550491,0.24049801951756444
6,2026-05-19,base_plus_crowding,elastic_logistic_c1_l25,0,0.6685551290814449,0.23800765478844454
6,2026-05-20,base_plus_crowding,elastic_logistic_c1_l25,0,0.6248061104582844,0.24273201040505607
6,2026-04-23,base_plus_crowding,ridge_logistic_c01,0,0.4352270580784231,0.25219012153355846
6,2026-04-24,base_plus_crowding,ridge_logistic_c01,0,0.44570634037819806,0.2512025696140969
6,2026-04-27,base_plus_crowding,ridge_logistic_c01,0,0.48352678571428576,0.252807931958611
6,2026-04-28,base_plus_crowding,ridge_logistic_c01,0,0.49053373503351827,0.250557639874182
6,2026-04-29,base_plus_crowding,ridge_logistic_c01,0,0.5701455996421803,0.24344326407297534
6,2026-04-30,base_plus_crowding,ridge_logistic_c01,0,0.6544910987232512,0.24997758445867557
6,2026-05-01,base_plus_crowding,ridge_logistic_c01,0,0.6049731243506934,0.2514454656640731
6,2026-05-04,base_plus_crowding,ridge_logistic_c01,0,0.5492812681921992,0.2517505206779449
6,2026-05-05,base_plus_crowding,ridge_logistic_c01,0,0.5457065615835778,0.2538393251759201
6,2026-05-06,base_plus_crowding,ridge_logistic_c01,0,0.4848125,0.2586510046400475
6,2026-05-07,base_plus_crowding,ridge_logistic_c01,0,0.44510236852669605,0.2533128985180623
6,2026-05-08,base_plus_crowding,ridge_logistic_c01,0,0.4571672771672772,0.25887249192632444
6,2026-05-11,base_plus_crowding,ridge_logistic_c01,0,0.47753963593658255,0.2540455632050968
6,2026-05-12,base_plus_crowding,ridge_logistic_c01,0,0.48546454185119314,0.25576967481033674
6,2026-05-13,base_plus_crowding,ridge_logistic_c01,0,0.5843282157256932,0.2459897844573787
6,2026-05-14,base_plus_crowding,ridge_logistic_c01,0,0.574885362344902,0.24635866016187766
6,2026-05-15,base_plus_crowding,ridge_logistic_c01,0,0.5874125874125874,0.23945933669888889
6,2026-05-18,base_plus_crowding,ridge_logistic_c01,0,0.6408157244532949,0.24051936700865895
6,2026-05-19,base_plus_crowding,ridge_logistic_c01,0,0.6675955623324046,0.2380281138702001
6,2026-05-20,base_plus_crowding,ridge_logistic_c01,0,0.6248413631022327,0.24273527227943723
6,2026-04-23,base_plus_crowding,tanh_mlp_16_8,442,0.4763386259847332,0.2533129800079757
6,2026-04-24,base_plus_crowding,tanh_mlp_16_8,442,0.5026585094549499,0.25074021260290846
6,2026-04-27,base_plus_crowding,tanh_mlp_16_8,442,0.5830915178571427,0.24872506819256698
6,2026-04-28,base_plus_crowding,tanh_mlp_16_8,442,0.5690097942212983,0.24747861457810624
6,2026-04-29,base_plus_crowding,tanh_mlp_16_8,442,0.5080568274108688,0.2457120641656516
6,2026-04-30,base_plus_crowding,tanh_mlp_16_8,442,0.628888689084697,0.2477768588260633
6,2026-05-01,base_plus_crowding,tanh_mlp_16_8,442,0.5885541352364605,0.250076409799224
6,2026-05-04,base_plus_crowding,tanh_mlp_16_8,442,0.5129080650217186,0.25288909001662974
6,2026-05-05,base_plus_crowding,tanh_mlp_16_8,442,0.5458325696480938,0.25285430311858176
6,2026-05-06,base_plus_crowding,tanh_mlp_16_8,442,0.5042125,0.26066772715179315
6,2026-05-07,base_plus_crowding,tanh_mlp_16_8,442,0.47981622730719475,0.25469448470401224
6,2026-05-08,base_plus_crowding,tanh_mlp_16_8,442,0.4276923076923077,0.2637151281711434
6,2026-05-11,base_plus_crowding,tanh_mlp_16_8,442,0.4108925425719319,0.26013937655010455
6,2026-05-12,base_plus_crowding,tanh_mlp_16_8,442,0.39517150794481065,0.26333088133763527
6,2026-05-13,base_plus_crowding,tanh_mlp_16_8,442,0.4811037859814239,0.24984459456499622
6,2026-05-14,base_plus_crowding,tanh_mlp_16_8,442,0.4678227836720015,0.25143430760639585
6,2026-05-15,base_plus_crowding,tanh_mlp_16_8,442,0.529155055470845,0.23821034977156155
6,2026-05-18,base_plus_crowding,tanh_mlp_16_8,442,0.5872331010067485,0.23830652889910975
6,2026-05-19,base_plus_crowding,tanh_mlp_16_8,442,0.578014091171986,0.23671035540827323
6,2026-05-20,base_plus_crowding,tanh_mlp_16_8,442,0.6241950646298473,0.23809969955363647
6,2026-04-23,base_plus_crowding,tanh_mlp_16_8,2025,0.4894943277147524,0.2530368097943449
6,2026-04-24,base_plus_crowding,tanh_mlp_16_8,2025,0.46853170189098997,0.2542265204188824
6,2026-04-27,base_plus_crowding,tanh_mlp_16_8,2025,0.5556919642857142,0.25138579634431407
6,2026-04-28,base_plus_crowding,tanh_mlp_16_8,2025,0.5776478304854865,0.24693307131268127
6,2026-04-29,base_plus_crowding,tanh_mlp_16_8,2025,0.5452041572994032,0.24220344817966843
6,2026-04-30,base_plus_crowding,tanh_mlp_16_8,2025,0.6164696097824132,0.248774602571955
6,2026-05-01,base_plus_crowding,tanh_mlp_16_8,2025,0.5947084330818917,0.24945085003128437
6,2026-05-04,base_plus_crowding,tanh_mlp_16_8,2025,0.554688549549953,0.2509127872429122
6,2026-05-05,base_plus_crowding,tanh_mlp_16_8,2025,0.5504261363636364,0.2536944729374144
6,2026-05-06,base_plus_crowding,tanh_mlp_16_8,2025,0.47491249999999996,0.2617579414098632
6,2026-05-07,base_plus_crowding,tanh_mlp_16_8,2025,0.49284089388465147,0.2527294076330931
6,2026-05-08,base_plus_crowding,tanh_mlp_16_8,2025,0.42808302808302806,0.26470443543041106
6,2026-05-11,base_plus_crowding,tanh_mlp_16_8,2025,0.3854397217579837,0.2624430836457149
6,2026-05-12,base_plus_crowding,tanh_mlp_16_8,2025,0.413885692366705,0.2627196631414922
6,2026-05-13,base_plus_crowding,tanh_mlp_16_8,2025,0.4590572670402857,0.2521419245287279
6,2026-05-14,base_plus_crowding,tanh_mlp_16_8,2025,0.4469070311095127,0.252631113193553
6,2026-05-15,base_plus_crowding,tanh_mlp_16_8,2025,0.524883011725117,0.2403882387553532
6,2026-05-18,base_plus_crowding,tanh_mlp_16_8,2025,0.5851433909847451,0.23944982956968489
6,2026-05-19,base_plus_crowding,tanh_mlp_16_8,2025,0.5523686839476313,0.23936956506501142
6,2026-05-20,base_plus_crowding,tanh_mlp_16_8,2025,0.5953349001175088,0.24080359314930358
6,2026-04-23,base_plus_crowding,tanh_mlp_16_8,9001,0.4834720385782064,0.2541187763405855
6,2026-04-24,base_plus_crowding,tanh_mlp_16_8,9001,0.5073859844271413,0.25106108876383576
6,2026-04-27,base_plus_crowding,tanh_mlp_16_8,9001,0.5857254464285714,0.24790259718282148
6,2026-04-28,base_plus_crowding,tanh_mlp_16_8,9001,0.5608942646552011,0.24773824635912248
6,2026-04-29,base_plus_crowding,tanh_mlp_16_8,9001,0.5211101825586459,0.24597698096541193
6,2026-04-30,base_plus_crowding,tanh_mlp_16_8,9001,0.6183914763531739,0.24781607238268474
6,2026-05-01,base_plus_crowding,tanh_mlp_16_8,9001,0.559397443425629,0.25216946522546363
6,2026-05-04,base_plus_crowding,tanh_mlp_16_8,9001,0.4980184496887735,0.25422178566018727
6,2026-05-05,base_plus_crowding,tanh_mlp_16_8,9001,0.5326589992668622,0.25343976965572684
6,2026-05-06,base_plus_crowding,tanh_mlp_16_8,9001,0.48387499999999994,0.2627617664641344
6,2026-05-07,base_plus_crowding,tanh_mlp_16_8,9001,0.4533431464382889,0.25699971870468513
6,2026-05-08,base_plus_crowding,tanh_mlp_16_8,9001,0.39181929181929176,0.2675798126392719
6,2026-05-11,base_plus_crowding,tanh_mlp_16_8,9001,0.3619969284972221,0.2633440709102215
6,2026-05-12,base_plus_crowding,tanh_mlp_16_8,9001,0.37610861201194923,0.2644188607003587
6,2026-05-13,base_plus_crowding,tanh_mlp_16_8,9001,0.46096654275092935,0.25113603880565305
6,2026-05-14,base_plus_crowding,tanh_mlp_16_8,9001,0.4266880956662471,0.2538231519934926
6,2026-05-15,base_plus_crowding,tanh_mlp_16_8,9001,0.5296545559703454,0.23846493247111775
6,2026-05-18,base_plus_crowding,tanh_mlp_16_8,9001,0.5854752861058868,0.23937500709192402
6,2026-05-19,base_plus_crowding,tanh_mlp_16_8,9001,0.5497265892002734,0.2395531396201943
6,2026-05-20,base_plus_crowding,tanh_mlp_16_8,9001,0.6105170387779084,0.23917367925742436
6,2026-04-23,base_plus_regime,elastic_logistic_c1_l25,0,0.450771675240836,0.2519296875414626
6,2026-04-24,base_plus_regime,elastic_logistic_c1_l25,0,0.4516351501668521,0.25093240804996775
6,2026-04-27,base_plus_regime,elastic_logistic_c1_l25,0,0.47089285714285717,0.25297254718167583
6,2026-04-28,base_plus_regime,elastic_logistic_c1_l25,0,0.4718791341952841,0.25079283077083925
6,2026-04-29,base_plus_regime,elastic_logistic_c1_l25,0,0.5651549570969526,0.24351388253629178
6,2026-04-30,base_plus_regime,elastic_logistic_c1_l25,0,0.6364862434813883,0.2504249413691029
6,2026-05-01,base_plus_regime,elastic_logistic_c1_l25,0,0.5714350241654997,0.252310123113034
6,2026-05-04,base_plus_regime,elastic_logistic_c1_l25,0,0.5304845282342932,0.2521623222339212
6,2026-05-05,base_plus_regime,elastic_logistic_c1_l25,0,0.5380086143695015,0.2540644148505747
6,2026-05-06,base_plus_regime,elastic_logistic_c1_l25,0,0.45033749999999995,0.25924618685977463
6,2026-05-07,base_plus_regime,elastic_logistic_c1_l25,0,0.43350506267005673,0.2535982319146156
6,2026-05-08,base_plus_regime,elastic_logistic_c1_l25,0,0.45153846153846156,0.25889055617135737
6,2026-05-11,base_plus_regime,elastic_logistic_c1_l25,0,0.510637336826415,0.25331190845499774
6,2026-05-12,base_plus_regime,elastic_logistic_c1_l25,0,0.4974602178284572,0.2554615324495164
6,2026-05-13,base_plus_regime,elastic_logistic_c1_l25,0,0.5753883129864441,0.24632360770806042
6,2026-05-14,base_plus_regime,elastic_logistic_c1_l25,0,0.5890802014026255,0.24615639945934
6,2026-05-15,base_plus_regime,elastic_logistic_c1_l25,0,0.5891214049108786,0.2393351427024561
6,2026-05-18,base_plus_regime,elastic_logistic_c1_l25,0,0.6431266978893928,0.24029116489731148
6,2026-05-19,base_plus_regime,elastic_logistic_c1_l25,0,0.6584073820915926,0.2380988903219957
6,2026-05-20,base_plus_regime,elastic_logistic_c1_l25,0,0.6158284371327849,0.24284432334994524
6,2026-04-23,base_plus_regime,ridge_logistic_c01,0,0.4508050089445439,0.2519424593477465
6,2026-04-24,base_plus_regime,ridge_logistic_c01,0,0.45143492769744153,0.25094506926296334
6,2026-04-27,base_plus_regime,ridge_logistic_c01,0,0.47041294642857145,0.25298572759246357
6,2026-04-28,base_plus_regime,ridge_logistic_c01,0,0.4717679625573924,0.2507985479683945
6,2026-04-29,base_plus_regime,ridge_logistic_c01,0,0.5654256759142645,0.24350540836805165
6,2026-04-30,base_plus_regime,ridge_logistic_c01,0,0.6369919978421147,0.25040371928654553
6,2026-05-01,base_plus_regime,ridge_logistic_c01,0,0.5716721622476173,0.25229709115088395
6,2026-05-04,base_plus_regime,ridge_logistic_c01,0,0.5306188706282746,0.25215939388260755
6,2026-05-05,base_plus_regime,ridge_logistic_c01,0,0.5373671187683284,0.2540724268581631
6,2026-05-06,base_plus_regime,ridge_logistic_c01,0,0.44953750000000003,0.2592613626185889
6,2026-05-07,base_plus_regime,ridge_logistic_c01,0,0.4327467772871226,0.25361419444642547
6,2026-05-08,base_plus_regime,ridge_logistic_c01,0,0.4508180708180708,0.25891005247308563
6,2026-05-11,base_plus_regime,ridge_logistic_c01,0,0.5100953069244321,0.25331620944348393
6,2026-05-12,base_plus_regime,ridge_logistic_c01,0,0.4969836454301356,0.2554640002183199
6,2026-05-13,base_plus_regime,ridge_logistic_c01,0,0.5754332371208122,0.24631913902578792
6,2026-05-14,base_plus_regime,ridge_logistic_c01,0,0.5889902895162741,0.24615382572875585
6,2026-05-15,base_plus_regime,ridge_logistic_c01,0,0.5894763131605237,0.23932406683700075
6,2026-05-18,base_plus_regime,ridge_logistic_c01,0,0.643409423362958,0.24027234960461455
6,2026-05-19,base_plus_regime,ridge_logistic_c01,0,0.6588674483411325,0.23807748696730702
6,2026-05-20,base_plus_regime,ridge_logistic_c01,0,0.6162984723854289,0.24282342950423333
6,2026-04-23,base_plus_regime,tanh_mlp_16_8,442,0.4789719885776509,0.2529735366057336
6,2026-04-24,base_plus_regime,tanh_mlp_16_8,442,0.5059399332591769,0.24991311566272675
6,2026-04-27,base_plus_regime,tanh_mlp_16_8,442,0.5549888392857143,0.25003246840215826
6,2026-04-28,base_plus_regime,tanh_mlp_16_8,442,0.549399117297195,0.24875717772830305
6,2026-04-29,base_plus_regime,tanh_mlp_16_8,442,0.49353217434291835,0.24805161820039492
6,2026-04-30,base_plus_regime,tanh_mlp_16_8,442,0.6275287718036325,0.24768074410542734
6,2026-05-01,base_plus_regime,tanh_mlp_16_8,442,0.5920886218889742,0.2494675389170232
6,2026-05-04,base_plus_regime,tanh_mlp_16_8,442,0.5001343423939815,0.25345460419467336
6,2026-05-05,base_plus_regime,tanh_mlp_16_8,442,0.5342971041055719,0.2529616376063491
6,2026-05-06,base_plus_regime,tanh_mlp_16_8,442,0.45452499999999996,0.261564329585761
6,2026-05-07,base_plus_regime,tanh_mlp_16_8,442,0.4618292519737723,0.25530989965908335
6,2026-05-08,base_plus_regime,tanh_mlp_16_8,442,0.41042735042735046,0.2625375058594917
6,2026-05-11,base_plus_regime,tanh_mlp_16_8,442,0.4000293599530241,0.25842615376436673
6,2026-05-12,base_plus_regime,tanh_mlp_16_8,442,0.3806999802396811,0.26171758726458183
6,2026-05-13,base_plus_regime,tanh_mlp_16_8,442,0.46688529745392465,0.25151439115169455
6,2026-05-14,base_plus_regime,tanh_mlp_16_8,442,0.4627540010789426,0.25175882964159163
6,2026-05-15,base_plus_regime,tanh_mlp_16_8,442,0.5351096272148903,0.24061858705526087
6,2026-05-18,base_plus_regime,tanh_mlp_16_8,442,0.610650145665081,0.23955546316749737
6,2026-05-19,base_plus_regime,tanh_mlp_16_8,442,0.630671959619328,0.23789857142176024
6,2026-05-20,base_plus_regime,tanh_mlp_16_8,442,0.6420446533490012,0.23842660581508185
6,2026-04-23,base_plus_regime,tanh_mlp_16_8,2025,0.5074500827786976,0.25309862350832435
6,2026-04-24,base_plus_regime,tanh_mlp_16_8,2025,0.5112569521690767,0.25230972492208387
6,2026-04-27,base_plus_regime,tanh_mlp_16_8,2025,0.5718861607142857,0.25105421621180285
6,2026-04-28,base_plus_regime,tanh_mlp_16_8,2025,0.5860524063101021,0.24639166123670908
6,2026-04-29,base_plus_regime,tanh_mlp_16_8,2025,0.4996410033074777,0.24513505650082612
6,2026-04-30,base_plus_regime,tanh_mlp_16_8,2025,0.6059162021219204,0.2499992294930048
6,2026-05-01,base_plus_regime,tanh_mlp_16_8,2025,0.5862505081530331,0.2502470407208597
6,2026-05-04,base_plus_regime,tanh_mlp_16_8,2025,0.5219873718149658,0.2540224458548362
6,2026-05-05,base_plus_regime,tanh_mlp_16_8,2025,0.5528202895894428,0.2546467315747797
6,2026-05-06,base_plus_regime,tanh_mlp_16_8,2025,0.525125,0.26119718385529667
6,2026-05-07,base_plus_regime,tanh_mlp_16_8,2025,0.5110620455863331,0.25336221348040777
6,2026-05-08,base_plus_regime,tanh_mlp_16_8,2025,0.42423687423687423,0.26600689797881416
6,2026-05-11,base_plus_regime,tanh_mlp_16_8,2025,0.3805049911920141,0.26311537581156996
6,2026-05-12,base_plus_regime,tanh_mlp_16_8,2025,0.38595390033825017,0.26557389603967313
6,2026-05-13,base_plus_regime,tanh_mlp_16_8,2025,0.4431428924403913,0.2532108167814114
6,2026-05-14,base_plus_regime,tanh_mlp_16_8,2025,0.43845531379248337,0.2528414611901824
6,2026-05-15,base_plus_regime,tanh_mlp_16_8,2025,0.5014853567485147,0.240760396888522
6,2026-05-18,base_plus_regime,tanh_mlp_16_8,2025,0.5702941574166268,0.23947679282809237
6,2026-05-19,base_plus_regime,tanh_mlp_16_8,2025,0.552578999947421,0.23886532900762272
6,2026-05-20,base_plus_regime,tanh_mlp_16_8,2025,0.5854641598119859,0.24010253093305522
6,2026-04-23,base_plus_regime,tanh_mlp_16_8,9001,0.4981166457405082,0.25174255680634494
6,2026-04-24,base_plus_regime,tanh_mlp_16_8,9001,0.524916573971079,0.24948119060795107
6,2026-04-27,base_plus_regime,tanh_mlp_16_8,9001,0.5953794642857143,0.24924984487985616
6,2026-04-28,base_plus_regime,tanh_mlp_16_8,9001,0.5552467454503006,0.24838591408684796
6,2026-04-29,base_plus_regime,tanh_mlp_16_8,9001,0.5133299591567697,0.24549590593620166
6,2026-04-30,base_plus_regime,tanh_mlp_16_8,9001,0.6206167955403704,0.24882822613524613
6,2026-05-01,base_plus_regime,tanh_mlp_16_8,9001,0.5781765210714124,0.25127288300015305
6,2026-05-04,base_plus_regime,tanh_mlp_16_8,9001,0.5108929291119968,0.25268738980919403
6,2026-05-05,base_plus_regime,tanh_mlp_16_8,9001,0.5474363086510264,0.2527920120220665
6,2026-05-06,base_plus_regime,tanh_mlp_16_8,9001,0.48133750000000003,0.2603638209731947
6,2026-05-07,base_plus_regime,tanh_mlp_16_8,9001,0.45623132164681734,0.2548245027505803
6,2026-05-08,base_plus_regime,tanh_mlp_16_8,9001,0.3941025641025641,0.2632749069890346
6,2026-05-11,base_plus_regime,tanh_mlp_16_8,9001,0.3916166041826641,0.25879596074006356
6,2026-05-12,base_plus_regime,tanh_mlp_16_8,9001,0.38673268937940974,0.26160111267548825
6,2026-05-13,base_plus_regime,tanh_mlp_16_8,9001,0.4639989218207752,0.2508773270743357
6,2026-05-14,base_plus_regime,tanh_mlp_16_8,9001,0.4692501348678295,0.2506327006959815
6,2026-05-15,base_plus_regime,tanh_mlp_16_8,9001,0.5181397549818603,0.23968417349728882
6,2026-05-18,base_plus_regime,tanh_mlp_16_8,9001,0.5834347457314599,0.23973298070873444
6,2026-05-19,base_plus_regime,tanh_mlp_16_8,9001,0.5978100846521899,0.2377297689340573
6,2026-05-20,base_plus_regime,tanh_mlp_16_8,9001,0.6228202115158636,0.2394706431413259
6,2026-04-23,graph_survivors,elastic_logistic_c1_l25,0,0.4367604084489828,0.25224725487569355
6,2026-04-24,graph_survivors,elastic_logistic_c1_l25,0,0.4542714126807564,0.251054954789839
6,2026-04-27,graph_survivors,elastic_logistic_c1_l25,0,0.4899330357142857,0.2527685944164106
6,2026-04-28,graph_survivors,elastic_logistic_c1_l25,0,0.5032628875721227,0.25032193880938053
6,2026-04-29,graph_survivors,elastic_logistic_c1_l25,0,0.5782083122447298,0.24297791582648695
6,2026-04-30,graph_survivors,elastic_logistic_c1_l25,0,0.6440950368638735,0.2501904436283157
6,2026-05-01,graph_survivors,elastic_logistic_c1_l25,0,0.590033425177289,0.2517478141034448
6,2026-05-04,graph_survivors,elastic_logistic_c1_l25,0,0.5484976042273073,0.2517582262613603
6,2026-05-05,graph_survivors,elastic_logistic_c1_l25,0,0.5380888013196481,0.2539093811115018
6,2026-05-06,graph_survivors,elastic_logistic_c1_l25,0,0.46345000000000003,0.25919567951302513
6,2026-05-07,graph_survivors,elastic_logistic_c1_l25,0,0.44364155403898475,0.2535893777666525
6,2026-05-08,graph_survivors,elastic_logistic_c1_l25,0,0.45465201465201466,0.2592775059037111
6,2026-05-11,graph_survivors,elastic_logistic_c1_l25,0,0.473237273589593,0.2544480795254886
6,2026-05-12,graph_survivors,elastic_logistic_c1_l25,0,0.4805012146784299,0.2563113838350176
6,2026-05-13,graph_survivors,elastic_logistic_c1_l25,0,0.5706488168106111,0.24616851779949664
6,2026-05-14,graph_survivors,elastic_logistic_c1_l25,0,0.5582179464125157,0.2466170014899284
6,2026-05-15,graph_survivors,elastic_logistic_c1_l25,0,0.5677743309322257,0.23930458912121405
6,2026-05-18,graph_survivors,elastic_logistic_c1_l25,0,0.6383818268982557,0.2399730430589987
6,2026-05-19,graph_survivors,elastic_logistic_c1_l25,0,0.6632972290867027,0.23738217395882277
6,2026-05-20,graph_survivors,elastic_logistic_c1_l25,0,0.6198472385428908,0.24240598393814608
6,2026-04-23,graph_survivors,ridge_logistic_c01,0,0.43722708030089225,0.2522462412219772
6,2026-04-24,graph_survivors,ridge_logistic_c01,0,0.4543159065628476,0.2510536685426256
6,2026-04-27,graph_survivors,ridge_logistic_c01,0,0.4899330357142857,0.25277028765270626
6,2026-04-28,graph_survivors,ridge_logistic_c01,0,0.5030738957877066,0.2503236958067129
6,2026-04-29,graph_survivors,ridge_logistic_c01,0,0.5780435268776704,0.24297799612966506
6,2026-04-30,graph_survivors,ridge_logistic_c01,0,0.6437353893184679,0.2501966843906476
6,2026-05-01,graph_survivors,ridge_logistic_c01,0,0.5898866254121686,0.25175487640571703
6,2026-05-04,graph_survivors,ridge_logistic_c01,0,0.5481393578433568,0.25176160304481787
6,2026-05-05,graph_survivors,ridge_logistic_c01,0,0.5380658907624634,0.25390734767059864
6,2026-05-06,graph_survivors,ridge_logistic_c01,0,0.46363750000000004,0.25919644465432756
6,2026-05-07,graph_survivors,ridge_logistic_c01,0,0.44351889022703955,0.2535901424839984
6,2026-05-08,graph_survivors,ridge_logistic_c01,0,0.45478632478632475,0.25927665484633344
6,2026-05-11,graph_survivors,ridge_logistic_c01,0,0.4732824427480916,0.25444424095508295
6,2026-05-12,graph_survivors,ridge_logistic_c01,0,0.4806523229998489,0.2563089961358964
6,2026-05-13,graph_survivors,ridge_logistic_c01,0,0.5709520547175957,0.24616534266678358
6,2026-05-14,graph_survivors,ridge_logistic_c01,0,0.5582629023556913,0.24661454178791933
6,2026-05-15,graph_survivors,ridge_logistic_c01,0,0.5679057784320942,0.2393039664438205
6,2026-05-18,graph_survivors,ridge_logistic_c01,0,0.6381974407198436,0.2399806229658007
6,2026-05-19,graph_survivors,ridge_logistic_c01,0,0.663086913086913,0.2373919696343512
6,2026-05-20,graph_survivors,ridge_logistic_c01,0,0.6198589894242068,0.24241429948004187
6,2026-04-23,graph_survivors,tanh_mlp_16_8,442,0.49022766919632443,0.25474520218202285
6,2026-04-24,graph_survivors,tanh_mlp_16_8,442,0.5157285873192436,0.2519575282555685
6,2026-04-27,graph_survivors,tanh_mlp_16_8,442,0.5702120535714286,0.24886323331327087
6,2026-04-28,graph_survivors,tanh_mlp_16_8,442,0.5947349112294471,0.24487665230388458
6,2026-04-29,graph_survivors,tanh_mlp_16_8,442,0.5010652196942055,0.24741148941222998
6,2026-04-30,graph_survivors,tanh_mlp_16_8,442,0.617953155907211,0.24671014990189036
6,2026-05-01,graph_survivors,tanh_mlp_16_8,442,0.5907222548443922,0.2484682131528165
6,2026-05-04,graph_survivors,tanh_mlp_16_8,442,0.5182929559804756,0.2526970882627423
6,2026-05-05,graph_survivors,tanh_mlp_16_8,442,0.5486505681818182,0.25172475424541857
6,2026-05-06,graph_survivors,tanh_mlp_16_8,442,0.5144875000000001,0.2577303011858608
6,2026-05-07,graph_survivors,tanh_mlp_16_8,442,0.48590481288193044,0.25471596579219813
6,2026-05-08,graph_survivors,tanh_mlp_16_8,442,0.42659340659340655,0.2641712796150762
6,2026-05-11,graph_survivors,tanh_mlp_16_8,442,0.3978386557658431,0.26185205161208464
6,2026-05-12,graph_survivors,tanh_mlp_16_8,442,0.40371493996350155,0.2627140097912694
6,2026-05-13,graph_survivors,tanh_mlp_16_8,442,0.46652590437898,0.25152323984495156
6,2026-05-14,graph_survivors,tanh_mlp_16_8,442,0.43230758856320806,0.25475608396549615
6,2026-05-15,graph_survivors,tanh_mlp_16_8,442,0.5206241127293759,0.24245629078946634
6,2026-05-18,graph_survivors,tanh_mlp_16_8,442,0.5585303192339369,0.24193341468877116
6,2026-05-19,graph_survivors,tanh_mlp_16_8,442,0.5233450759766549,0.24344540170020115
6,2026-05-20,graph_survivors,tanh_mlp_16_8,442,0.5960517038777908,0.2402263986823876
6,2026-04-23,graph_survivors,tanh_mlp_16_8,2025,0.5095723285814288,0.2525233375983483
6,2026-04-24,graph_survivors,tanh_mlp_16_8,2025,0.5403670745272524,0.24923846973006775
6,2026-04-27,graph_survivors,tanh_mlp_16_8,2025,0.5638281249999999,0.2498759905624927
6,2026-04-28,graph_survivors,tanh_mlp_16_8,2025,0.5436404264544028,0.24962695416623698
6,2026-04-29,graph_survivors,tanh_mlp_16_8,2025,0.46504784660836407,0.24940688862941868
6,2026-04-30,graph_survivors,tanh_mlp_16_8,2025,0.5948570401007013,0.25005460363367493
6,2026-05-01,graph_survivors,tanh_mlp_16_8,2025,0.577679660327928,0.25045959954128916
6,2026-05-04,graph_survivors,tanh_mlp_16_8,2025,0.4996529488155479,0.2545310674415544
6,2026-05-05,graph_survivors,tanh_mlp_16_8,2025,0.5257400109970675,0.25435868210291596
6,2026-05-06,graph_survivors,tanh_mlp_16_8,2025,0.5007875,0.26066453816724905
6,2026-05-07,graph_survivors,tanh_mlp_16_8,2025,0.49181497836656407,0.2548922396508125
6,2026-05-08,graph_survivors,tanh_mlp_16_8,2025,0.44642246642246636,0.26336336932892274
6,2026-05-11,graph_survivors,tanh_mlp_16_8,2025,0.4258661186142102,0.2608003139309282
6,2026-05-12,graph_survivors,tanh_mlp_16_8,2025,0.4239983261847474,0.2633245674854708
6,2026-05-13,graph_survivors,tanh_mlp_16_8,2025,0.5116634283853143,0.24900601990125068
6,2026-05-14,graph_survivors,tanh_mlp_16_8,2025,0.49507732422226225,0.251442745920012
6,2026-05-15,graph_survivors,tanh_mlp_16_8,2025,0.5396051317103948,0.24065739129901306
6,2026-05-18,graph_survivors,tanh_mlp_16_8,2025,0.5593907880665265,0.24161360907393922
6,2026-05-19,graph_survivors,tanh_mlp_16_8,2025,0.5365686944634313,0.24149507517938124
6,2026-05-20,graph_survivors,tanh_mlp_16_8,2025,0.572397179788484,0.24129278760410297
6,2026-04-23,graph_survivors,tanh_mlp_16_8,9001,0.47859420660229557,0.25545395174071917
6,2026-04-24,graph_survivors,tanh_mlp_16_8,9001,0.4810678531701891,0.25482651520481275
6,2026-04-27,graph_survivors,tanh_mlp_16_8,9001,0.5595870535714286,0.25129110087621814
6,2026-04-28,graph_survivors,tanh_mlp_16_8,9001,0.561527942991184,0.2488792211218198
6,2026-04-29,graph_survivors,tanh_mlp_16_8,9001,0.49390882661048274,0.24761485114112
6,2026-04-30,graph_survivors,tanh_mlp_16_8,9001,0.6164583707966194,0.24855782664240791
6,2026-05-01,graph_survivors,tanh_mlp_16_8,9001,0.5631690681602601,0.25177961902465995
6,2026-05-04,graph_survivors,tanh_mlp_16_8,9001,0.502384577493171,0.2547214675957814
6,2026-05-05,graph_survivors,tanh_mlp_16_8,9001,0.5313989186217009,0.25524078787648846
6,2026-05-06,graph_survivors,tanh_mlp_16_8,9001,0.4748375,0.26497629578155957
6,2026-05-07,graph_survivors,tanh_mlp_16_8,9001,0.46938980329185065,0.2575558129334914
6,2026-05-08,graph_survivors,tanh_mlp_16_8,9001,0.4323076923076923,0.26661957295089217
6,2026-05-11,graph_survivors,tanh_mlp_16_8,9001,0.4072338407335471,0.2626297494481841
6,2026-05-12,graph_survivors,tanh_mlp_16_8,9001,0.43164673199195636,0.262647899020331
6,2026-05-13,graph_survivors,tanh_mlp_16_8,9001,0.49063893350105015,0.2493048048034464
6,2026-05-14,graph_survivors,tanh_mlp_16_8,9001,0.4467496853083978,0.25334413729164357
6,2026-05-15,graph_survivors,tanh_mlp_16_8,9001,0.5146169619853831,0.23997347657591542
6,2026-05-18,graph_survivors,tanh_mlp_16_8,9001,0.560497105136999,0.2410076899620546
6,2026-05-19,graph_survivors,tanh_mlp_16_8,9001,0.5148535674851464,0.24068036085916125
6,2026-05-20,graph_survivors,tanh_mlp_16_8,9001,0.5617038777908343,0.24092556621899044
